Date,Open,High,Low,Close,Adj Close,Volume
11/18/2015,463.799988,465.649994,454.975006,456,436.671021,5142766
11/19/2015,459.450012,469.350006,458.625,467.375,447.563873,5569752
11/20/2015,467,476.399994,462.774994,473.424988,453.357422,5167930
11/23/2015,475,478.950012,473.100006,476.875,456.661224,4800026
11/24/2015,476.5,485.799988,475.524994,483.850006,463.340515,6768886
11/26/2015,485.5,495.975006,484.125,494.325012,473.371552,10883224
11/27/2015,494.5,496.25,487.049988,489.524994,468.774963,4979394
11/30/2015,489.25,492.200012,481.149994,483.549988,463.053223,13678054
12/1/2015,482,489.399994,480.625,482.950012,462.478699,5934650
12/2/2015,483.125,489.850006,482.25,488.975006,468.248291,3462408
12/3/2015,487.450012,494.475006,487.049988,488.600006,467.88916,5194048
12/4/2015,486.149994,488.100006,480.700012,482.725006,462.263214,6146002
12/7/2015,482.725006,486.5,474.875,476.024994,455.847229,6621556
12/8/2015,474.450012,476.799988,468.049988,470.450012,450.508545,3443452
12/9/2015,468.100006,471.725006,456.424988,457.950012,438.538361,4194236
12/10/2015,461.25,476.899994,460,475.174988,455.033234,8499730
12/11/2015,475.875,479.5,471.450012,476.475006,456.278137,8300090
12/14/2015,473.799988,481.75,473,477.549988,457.307526,4829460
12/15/2015,478.5,488.975006,476.825012,487.950012,467.266724,7186122
12/16/2015,487.950012,493.774994,486.75,489.325012,468.583435,5530496
12/17/2015,490.024994,507.5,489,504.850006,483.450378,8854870
12/18/2015,501.899994,504.5,495,495.950012,474.927643,7322040
12/21/2015,493.950012,499.5,492.174988,496.049988,475.023376,5637670
12/22/2015,496.399994,501.299988,492,493.649994,472.725128,5293656
12/23/2015,495.899994,503.450012,495,501.899994,480.625427,5906346
12/24/2015,501.950012,503.600006,498.149994,500.274994,479.069305,5441138
12/28/2015,500.299988,506.875,500,505.200012,483.785553,5891016
12/29/2015,505.200012,509.350006,503.575012,507.700012,486.179596,6818120
12/30/2015,507.5,508,501,502.25,480.960602,3726642
12/31/2015,501.700012,509.850006,499.549988,507.299988,485.796509,8450132
1/1/2016,504.899994,509.450012,504.100006,507.674988,486.15564,2476270
1/4/2016,502.5,506.899994,493.350006,497.649994,476.555573,13793142
1/5/2016,500.149994,505,498.5,502.575012,481.27179,6832918
1/6/2016,503.799988,519.200012,500.200012,516.099976,494.223511,12233710
1/7/2016,510.524994,514,504.024994,506.625,485.150116,9024438
1/8/2016,510,516.450012,508.350006,512.875,491.135223,9743678
1/11/2016,507.975006,530.400024,505.5,525.799988,503.512329,13265342
1/12/2016,527.5,532.700012,520.549988,522.724976,500.567719,10685522
1/13/2016,526.549988,544.875,523.599976,538.424988,515.602234,32825622
1/14/2016,531.924988,540.5,526.525024,530.825012,508.324341,12719826
1/15/2016,534.875,544.75,532.799988,536.650024,513.902466,13151450
1/18/2016,537.5,541.974976,504.049988,508.424988,486.87381,12459918
1/19/2016,514.5,524.900024,507.049988,521.799988,499.681915,9824192
1/20/2016,517.450012,517.450012,495,502.274994,480.984528,20624706
1/21/2016,508.774994,512.875,488.350006,492.100006,471.240845,14523544
1/22/2016,497.024994,505.5,497.024994,502.075012,480.79303,10826910
1/25/2016,505,509.375,500,501.975006,480.697266,5988680
1/27/2016,504.049988,505,498.475006,499.674988,478.494751,7886590
1/28/2016,500.5,510.899994,498.549988,508.450012,486.897797,10548946
1/29/2016,509.475006,520,509,517.700012,495.755707,8767154
2/1/2016,519.974976,520.900024,512.775024,515.150024,493.313812,4534546
2/2/2016,515.150024,516.400024,495.25,500.575012,479.356567,6752932
2/3/2016,494,497,487.5,490.700012,469.900208,7173616
2/4/2016,494,500.5,482.850006,486.524994,465.902161,8322158
2/5/2016,489.549988,491,480.700012,485.450012,464.872711,9599764
2/8/2016,485.549988,492.399994,478.975006,480.524994,460.156433,5521706
2/9/2016,476.450012,484.399994,475,478.75,458.456726,8962058
2/10/2016,475.850006,486.5,474.325012,481.325012,460.922607,7718500
2/11/2016,481.424988,482.975006,457.75,462.274994,442.680023,7824326
2/12/2016,466.950012,466.950012,444.049988,453.274994,434.061554,13403870
2/15/2016,459,475.674988,459,473.375,453.309509,8815778
2/16/2016,475.549988,479,463.5,465.274994,445.552887,5954526
2/17/2016,467.549988,478.725006,458.200012,476.299988,456.110535,7059664
2/18/2016,481.475006,484.350006,468,470.049988,450.125458,6598322
2/19/2016,470,476.375,468.674988,472.174988,452.160431,4679328
2/22/2016,472.049988,484.149994,472.049988,481.149994,460.755005,5838396
2/23/2016,481.549988,483.600006,471.375,474.825012,454.69812,8681492
2/24/2016,472.450012,479.274994,471,476.325012,456.134521,6942622
2/25/2016,477.100006,478.274994,470.424988,472.049988,452.04071,11350050
2/26/2016,476.5,479.375,472.149994,475.174988,455.033234,3817066
2/29/2016,475.649994,497.299988,467.5,483.325012,462.837799,14186948
3/1/2016,482.350006,492.524994,482.325012,490.649994,469.852295,7521846
3/2/2016,496.450012,502.875,493.625,500.75,479.52417,9191772
3/3/2016,505,509,498.75,506.424988,484.958618,7260012
3/4/2016,507,507.5,501.75,503.200012,481.870361,4108856
3/8/2016,503.75,515.450012,503.75,513.5,491.733734,6045108
3/9/2016,510,521.950012,509.299988,520.849976,498.772247,5419662
3/10/2016,521.025024,522.950012,504.5,505.875,484.431915,9466248
3/11/2016,507.450012,514.775024,505.299988,507.25,485.748657,7003352
3/14/2016,509.549988,513.200012,506.475006,509.875,488.26236,5431180
3/15/2016,512,513.924988,507.549988,510.25,488.621521,4794664
3/16/2016,510.5,512.900024,502.725006,510.875,489.220001,5058148
3/17/2016,513.5,518.450012,506,508,496.674988,7695480
3/18/2016,509.125,515.075012,507.850006,513.599976,502.150146,6414492
3/21/2016,513.974976,520.75,511.375,518.650024,507.087616,5809704
3/22/2016,518.5,526.125,517.825012,523.924988,512.244995,7009934
3/23/2016,523.450012,523.450012,511.200012,514.599976,503.127899,7683308
3/28/2016,515,515.849976,507.825012,510.200012,498.825989,8261106
3/29/2016,511.899994,521,510.100006,518.125,506.57431,7255802
3/30/2016,521.349976,525.875,521.349976,523.525024,511.853973,6607560
3/31/2016,520.5,528,516.349976,522.599976,510.949524,14095970
4/1/2016,519.549988,523.150024,512.5,517.224976,505.694366,5660230
4/4/2016,520,521.099976,512.650024,517.525024,505.987671,3946520
4/5/2016,515.674988,521.200012,511.100006,513.474976,502.027924,4690296
4/6/2016,516.049988,518.349976,511.299988,516.875,505.352142,3195950
4/7/2016,517.450012,524,511.049988,518.625,507.063141,4018110
4/8/2016,517.950012,527.224976,515.599976,518.174988,506.623169,6131402
4/11/2016,518.5,522.75,516.5,520.150024,508.554169,4712636
4/12/2016,520.150024,528.724976,519.025024,523.700012,512.025024,5104198
4/13/2016,526.275024,534.950012,526.275024,533.025024,521.142151,7332282
4/18/2016,532.900024,533.400024,527.700012,532.375,520.506653,8716204
4/20/2016,534.599976,534.599976,517.900024,518.650024,507.087616,9914994
4/21/2016,520.700012,526,517.5,520.575012,508.969666,5202872
4/22/2016,519.5,523.75,514.650024,519.474976,507.894165,5351172
4/25/2016,522.224976,522.224976,506.149994,508.450012,497.11499,27959172
4/26/2016,507.700012,511.950012,503.75,508.475006,497.139404,12082558
4/27/2016,508.950012,512.974976,508,509.700012,498.337158,6630120
4/28/2016,507,509.600006,495.475006,498.350006,487.240173,28321014
4/29/2016,496.725006,499.274994,489.424988,491.350006,480.39621,10734120
5/2/2016,489.5,496.200012,489,493.475006,482.473846,4855506
5/3/2016,494,497.475006,486.375,487.899994,477.023102,8033248
5/4/2016,487.024994,491.850006,486.5,489.049988,478.147461,6192906
5/5/2016,490,491.725006,485.450012,487.625,476.754272,9904822
5/6/2016,486.5,488.399994,483.5,484.475006,473.674469,6742440
5/9/2016,487.5,493,486.399994,491.549988,480.591766,7016176
5/10/2016,491.549988,492.350006,489,491.274994,480.322815,3313680
5/11/2016,485.899994,490.375,485,487.700012,476.827606,5641398
5/12/2016,488,497.100006,487.524994,496.399994,485.333588,5845428
5/13/2016,494.475006,495.274994,487.5,489.075012,478.171906,6696706
5/16/2016,488.5,491.25,485.549988,487.975006,477.096436,4264144
5/17/2016,490.125,491.549988,483.174988,484.575012,473.772278,5558046
5/18/2016,482.950012,486.25,482.049988,485.274994,474.456635,3761948
5/19/2016,485.850006,485.950012,472.799988,475.600006,464.997314,4176116
5/20/2016,476,477.25,465.674988,467.100006,456.686829,8477976
5/23/2016,468.674988,470.350006,462.825012,465,454.633606,8396196
5/24/2016,464.024994,472,464.024994,470.225006,459.742157,5615474
5/25/2016,474.924988,476.399994,470.575012,475.600006,464.997314,4224270
5/26/2016,475,476.200012,472.049988,473.424988,462.870789,6487202
5/27/2016,474.524994,488.450012,474.375,487.350006,476.485382,6126758
5/30/2016,488.200012,490.75,482.5,484.350006,473.552277,4404182
5/31/2016,484.5,486.5,478.25,478.924988,468.248169,10666938
6/1/2016,478.975006,483.049988,475.899994,476.799988,466.170563,4134068
6/2/2016,477.25,478.575012,472.549988,478.125,467.466034,4687704
6/3/2016,480,481.450012,477.924988,479.825012,469.128143,3951424
6/6/2016,480.5,481.5,476.274994,477.399994,466.757202,3964932
6/7/2016,478.625,480.475006,475.799988,477.524994,466.879395,8665254
6/8/2016,479,479,474.575012,477.049988,466.414978,5547950
6/9/2016,480,488.225006,478.100006,485.575012,474.749939,7151680
6/10/2016,487,492.200012,484.149994,488.350006,477.463104,7459474
6/13/2016,484.950012,491.725006,481.524994,490.549988,479.614014,4669712
6/14/2016,490.475006,492.700012,484.649994,488.125,477.243103,4994016
6/15/2016,490,493.25,486.875,492.299988,481.325012,5087842
6/16/2016,490.5,491.825012,483.524994,488.149994,477.267517,4284658
6/17/2016,488.5,489.325012,485.049988,487.450012,476.58316,4816192
6/20/2016,486.075012,496.299988,484,495.100006,484.062622,4918474
6/21/2016,497.049988,497.075012,489.850006,493.549988,482.54715,6369730
6/22/2016,492.5,492.950012,488.549988,490.25,479.32074,5846568
6/23/2016,489.975006,491,485,490.225006,479.296295,4497386
6/24/2016,482.450012,482.450012,466.700012,475.725006,465.119568,11422346
6/27/2016,470.25,479.200012,470.25,477.825012,467.17276,4189198
6/28/2016,478.200012,480.774994,477.5,478.899994,468.223755,3476740
6/29/2016,481,484.475006,480,483.450012,472.672333,3439714
6/30/2016,486,488.75,483.524994,484.575012,473.772278,5832658
7/1/2016,486.375,488.399994,485,486.725006,475.874329,3021958
7/4/2016,487.75,496.799988,487.75,493.350006,482.351624,3567500
7/5/2016,493.049988,501.450012,490.149994,496.549988,485.480286,5193356
7/7/2016,496.25,500.25,493.075012,493.950012,482.938263,5499296
7/8/2016,493.5,494.5,488.174988,489.200012,478.294128,3264450
7/11/2016,495.5,497.475006,492.75,496.25,485.186981,3779212
7/12/2016,497.625,502.5,495.5,501.700012,490.515472,4465370
7/13/2016,502.600006,508.350006,502.075012,504.375,493.130859,6818772
7/14/2016,504.049988,507.049988,499.125,502.450012,491.248779,4918366
7/15/2016,504.5,510.5,501.75,506.100006,494.817352,6397124
7/18/2016,514,519.375,500.875,503.125,491.908691,14678172
7/19/2016,503,511.475006,497.649994,508.899994,497.554932,7611500
7/20/2016,509.975006,514.150024,508.274994,511.5,500.096954,5607290
7/21/2016,512,512.5,502.5,503.174988,491.957581,3068088
7/22/2016,503,508.899994,502.549988,507.424988,496.112854,3154228
7/25/2016,507,511.875,503.674988,511.375,499.974792,3767768
7/26/2016,511.5,517.400024,507.600006,512.025024,500.610352,4807744
7/27/2016,511.524994,513,504.475006,506.549988,495.257355,5042896
7/28/2016,507.475006,515.25,506.524994,513.174988,501.73465,7136750
7/29/2016,512,512.450012,506,507.450012,496.137299,4402328
8/1/2016,509,510.149994,502.524994,504.75,493.497467,3647388
8/2/2016,504,510,503.149994,506.399994,495.110657,3524816
8/3/2016,507.200012,507.200012,495.75,496.975006,485.895844,5427608
8/4/2016,499.5,500,491.700012,496.5,485.431396,4657432
8/5/2016,499,509.5,498.524994,508.125,496.797241,5535828
8/8/2016,509.950012,517,509.325012,514.625,503.152344,6197506
8/9/2016,513.5,517.25,510.5,515.349976,503.861176,6076092
8/10/2016,515.625,517.275024,501,501.825012,490.637695,6158926
8/11/2016,500.975006,511.424988,499.799988,507.049988,495.746185,6477798
8/12/2016,508.5,521.450012,508.5,517.900024,506.35434,7481722
8/16/2016,518.125,522.400024,507.75,512.450012,501.025818,6111206
8/17/2016,512.049988,514.400024,503.600006,506.649994,495.355103,7079940
8/18/2016,508,511.825012,508,509.024994,497.677185,3542898
8/19/2016,509,511,503.549988,507.450012,496.137299,3738616
8/22/2016,506,509.850006,503.600006,505.924988,494.646271,3055808
8/23/2016,506,507.5,502.5,505.225006,493.961853,3346656
8/24/2016,505.850006,510.975006,505.5,510.25,498.874878,3986306
8/25/2016,510.600006,514.5,504.5,506.350006,495.061829,6839550
8/26/2016,508.950012,515.400024,507.299988,513.950012,502.492371,4406930
8/29/2016,513.625,529.875,513.049988,528.724976,516.937988,7402990
8/30/2016,531,534.25,526.5,533.200012,521.313293,8307044
8/31/2016,532.450012,537,523.5,530,518.184631,10649920
9/1/2016,526.5,536.375,512.849976,514.599976,503.127899,19484908
9/2/2016,515.549988,516.275024,501.149994,506.674988,495.379578,12857628
9/6/2016,509.950012,512.5,507.5,509.950012,498.581543,5262182
9/7/2016,511,513.525024,506.524994,508.825012,497.481628,5909990
9/8/2016,511.524994,517.974976,510.100006,516.700012,505.181091,5580392
9/9/2016,517.5,524.950012,515,522.275024,510.631836,6980882
9/12/2016,515.200012,528,514.575012,523.25,511.584991,15399600
9/14/2016,524,529.5,520.450012,522.375,510.729553,8505508
9/15/2016,523.5,535.099976,523.5,532.5,520.628845,14341770
9/16/2016,533.5,546.924988,529.549988,537.775024,525.786194,17977852
9/19/2016,536.275024,544,535.5,541.200012,529.134827,7624648
9/20/2016,542,542.375,534.525024,537.099976,525.126282,5271708
9/21/2016,537,542.450012,534.5,536.125,524.173035,5002952
9/22/2016,541.5,547.900024,539.5,544.474976,532.336914,8577088
9/23/2016,544.5,554.724976,544.5,551.400024,539.107544,14211450
9/26/2016,551.700012,564.775024,550.125,553.599976,541.258423,17469886
9/27/2016,558.5,562.974976,553.299988,555.25,542.871643,8857386
9/28/2016,553.950012,554,543.150024,545.325012,533.167969,11346976
9/29/2016,547.5,555.375,533.700012,536.224976,524.270752,9719492
9/30/2016,534,547.275024,533.150024,541.849976,529.770386,5120210
10/3/2016,543.5,553.974976,538.125,545.349976,533.192383,8286218
10/4/2016,546.525024,554.150024,546,548.174988,535.954346,5995088
10/5/2016,552,553.25,542.900024,544.700012,532.556885,4932794
10/6/2016,546,563.125,546,555.400024,543.018372,9651260
10/7/2016,557,561.525024,553.25,554.5,542.138428,6985676
10/10/2016,557,561,547,548.174988,535.954346,5281946
10/13/2016,544.5,544.525024,526,528.575012,516.791321,10029334
10/14/2016,531.5,541,530.825012,538.825012,526.812805,6978946
10/17/2016,540,540.400024,529.375,530.325012,518.502319,4492474
10/18/2016,533,541.375,531.025024,540.549988,528.49939,5062266
10/19/2016,542.224976,547.349976,540.700012,543.674988,531.554749,7805312
10/20/2016,546.974976,549,542.025024,543.775024,531.652527,4629042
10/21/2016,548.5,548.5,529.200012,532.099976,520.237671,19936484
10/24/2016,535,537,530.325012,531.650024,519.797791,4806198
10/25/2016,532.5,532.625,527.099976,530.424988,518.600098,3501422
10/26/2016,528.025024,529.724976,526.049988,527.025024,515.27594,5004110
10/27/2016,525.549988,526.950012,521.700012,524.349976,512.660522,5871148
10/28/2016,525,529,521.900024,527.474976,515.715881,3715834
11/1/2016,525.650024,527.974976,523.700012,525.5,513.784851,4674022
11/2/2016,520.5,521.424988,510.5,511.875,500.463623,3218450
11/3/2016,511.924988,517.375,510.299988,511.975006,500.561371,3342742
11/4/2016,510.125,513.450012,500,502.774994,491.566498,5273822
11/7/2016,507,508.274994,499.524994,500.575012,489.415527,4345842
11/8/2016,502.850006,502.850006,499.149994,501.75,490.564331,6140692
11/9/2016,475,504.5,465,502.299988,491.102081,9893146
11/10/2016,509.299988,514.474976,503.5,505.200012,493.937439,4463814
11/11/2016,498.924988,508.75,497.549988,500.875,489.708862,6754784
11/15/2016,498.25,500,489.774994,492.700012,481.716156,6623184
11/16/2016,497.5,498.399994,490.350006,493.274994,482.27829,7566452
11/17/2016,493,499.075012,487.200012,488.875,477.976379,5773270
11/18/2016,492.5,496.350006,491,493.75,482.742706,8303856
11/21/2016,493.774994,496.774994,491.600006,495.75,484.69812,6049424
11/22/2016,498.850006,503.899994,496.649994,500.725006,489.562225,8067320
11/23/2016,502.5,505.25,499.774994,504.5,493.253021,5992496
11/24/2016,502.774994,502.774994,491.100006,493.674988,482.669342,8646750
11/25/2016,495,497.950012,492.174988,496.850006,485.77359,4779658
11/28/2016,496.5,500.299988,492.049988,493.325012,482.327179,3800322
11/29/2016,494.5,502.149994,494.024994,498.850006,487.729004,4519218
11/30/2016,499.975006,499.975006,493.325012,495.024994,483.989288,12616008
12/1/2016,500,507.5,497.5,498.875,487.753448,5773026
12/2/2016,497.950012,502.5,495.899994,497.375,486.286896,5706090
12/5/2016,497.5,499.850006,493.25,496.924988,485.846893,1822820
12/6/2016,498,503.274994,497.299988,502.600006,491.395386,3075070
12/7/2016,502,503.799988,498.174988,499.575012,488.437866,2254226
12/8/2016,502.524994,510.899994,502.174988,510.024994,498.654877,4000460
12/9/2016,511,515.924988,510.149994,514.474976,503.005615,3766666
12/12/2016,510.25,520.849976,510.25,513.599976,502.150146,4125400
12/13/2016,514,520.5,513.775024,519.900024,508.309723,4738906
12/14/2016,519.900024,532.224976,519.099976,529.75,517.940125,11035658
12/15/2016,526.200012,533.799988,524.325012,526.474976,514.738159,8837934
12/16/2016,526,531,526,528.575012,516.791321,6831074
12/19/2016,527.5,533.474976,527.174988,531.275024,519.431213,6861900
12/20/2016,527.349976,530.5,526.575012,528.950012,517.157959,5343438
12/21/2016,530.049988,533.650024,528.599976,531.625,519.773315,9311516
12/22/2016,529,531.325012,525.474976,526.674988,514.933716,13208832
12/23/2016,526,534.474976,526,528.650024,516.864685,4692828
12/26/2016,527.174988,533,522.325012,523.724976,512.049377,7004598
12/27/2016,523.924988,533.549988,523.5,532.349976,520.482178,7974284
12/28/2016,533.950012,534.775024,523.549988,524.849976,513.149353,4405854
12/29/2016,525,534.400024,524.75,532.724976,520.848816,4010412
12/30/2016,532.400024,542.5,531.549988,541.200012,529.134827,7182986
1/2/2017,542,545,536.174988,542.549988,530.454773,3244916
1/3/2017,544.924988,548.5,540.549988,544.700012,532.556885,2941502
1/4/2017,546.450012,546.5,532.150024,533.575012,521.679932,4751094
1/5/2017,535.5,539.950012,534.375,538.700012,526.690674,3992966
1/6/2017,537.099976,542.5,536.549988,537.474976,525.49292,3586854
1/9/2017,538.5,543,535.5,538.849976,526.837219,2390514
1/10/2017,540,547.200012,540,544.924988,532.776794,5188800
1/11/2017,547.5,547.849976,542,543.025024,530.919189,5246422
1/12/2017,543.5,545.174988,539.900024,541.650024,529.57489,1998728
1/13/2017,542.275024,548.75,542.275024,545.200012,533.045715,3307338
1/16/2017,544.974976,546.974976,536.974976,538.125,526.128418,5492010
1/17/2017,532.5,534,519.25,520.625,509.018524,17936580
1/18/2017,521.299988,524,514.375,516.275024,504.765564,7254142
1/19/2017,517.575012,522.650024,515.5,516.849976,505.327698,6987456
1/20/2017,516.974976,518.724976,511.950012,512.900024,501.46582,4016164
1/23/2017,510.899994,515.5,506.399994,507.950012,496.626129,6267066
1/24/2017,508.5,514.400024,508.5,513.650024,502.199097,4306182
1/25/2017,516,516.349976,508.075012,508.649994,497.310516,10906460
1/27/2017,510.125,514.450012,509.5,512.549988,501.123596,9994478
1/30/2017,512.474976,523.224976,512.400024,522.400024,510.754059,7167512
1/31/2017,523.424988,526.900024,520.150024,522.599976,510.949524,6914730
2/1/2017,523.049988,525.450012,517.599976,524.825012,513.124939,5171596
2/2/2017,525,525.400024,519.125,521.75,510.118469,4159816
2/3/2017,523,525.224976,515.049988,516.825012,505.303284,6043502
2/6/2017,518.5,522.450012,516.025024,520.825012,509.214142,4567964
2/7/2017,521,521.174988,513.599976,515.450012,503.958954,4528490
2/8/2017,515.450012,519.125,511,512.575012,501.148041,7420188
2/9/2017,514,517,513.400024,516.375,504.863312,4508432
2/10/2017,517.5,517.775024,512.775024,515.075012,503.592346,5723062
2/13/2017,516.5,517,511,514.924988,503.445648,3915976
2/14/2017,517.5,526.450012,514.950012,524.900024,513.198303,8340828
2/15/2017,526.450012,528.75,522.625,525.650024,513.93158,6965690
2/16/2017,526.275024,534.724976,526.275024,533.75,521.850952,8985694
2/17/2017,533.25,539.099976,529.224976,537.75,525.76178,6787712
2/20/2017,535.275024,539.424988,533.25,537.700012,525.712891,5326254
2/21/2017,537.599976,545.474976,536.525024,544.099976,531.970215,6485580
2/22/2017,546.5,605.825012,546,603.75,590.290466,58207852
2/23/2017,606.799988,611,589.674988,591.375,578.191284,28458468
2/27/2017,595.25,628.400024,595.174988,619.450012,605.640442,38137822
2/28/2017,616,624,614.25,619.025024,605.224976,16509062
3/1/2017,620.049988,622.200012,615,617.25,603.489441,11148306
3/2/2017,618.950012,627.349976,613.525024,618.375,604.589355,8258066
3/3/2017,620.775024,643.900024,620.775024,629.275024,615.246399,38541702
3/6/2017,634.5,656,632.625,652.674988,638.124695,30504308
3/7/2017,659.424988,663.5,648.075012,652.474976,637.929199,19233700
3/8/2017,653.849976,653.849976,643.049988,645.599976,631.207458,19812206
3/9/2017,645,649,640.75,643.375,629.032043,14215340
3/10/2017,645.125,648,630.599976,640.825012,626.53894,11331136
3/14/2017,659.375,659.5,642.625,644.75,630.376465,12693240
3/15/2017,645.525024,658.150024,645.200012,652.474976,637.929199,11021316
3/16/2017,655,655.200012,646.799988,648.825012,634.360596,7279928
3/17/2017,654,659.974976,649.025024,650.349976,635.851624,10390152
3/20/2017,653,653.125,639.174988,640.400024,626.123352,5883428
3/21/2017,641.099976,641.950012,629.650024,631.900024,617.812927,10330214
3/22/2017,626,632.950012,623.275024,629.849976,615.808533,9276676
3/23/2017,631.575012,638.775024,629,636.650024,622.45697,5398180
3/24/2017,637.049988,646,634.224976,643.375,629.032043,7443822
3/27/2017,635.549988,639.375,623.599976,625.549988,611.604431,14836244
3/28/2017,629,632,621.049988,622.875,608.989136,9923868
3/29/2017,625.849976,630,616.674988,628.325012,614.317627,8651574
3/30/2017,627.5,637.375,626.5,635.325012,621.16156,12737718
3/31/2017,633,668.825012,633,660.450012,645.72644,20751038
4/3/2017,671,690.25,668.525024,687.325012,672.002258,20520654
4/5/2017,697.599976,709,690.049988,707.5,691.727478,18434720
4/6/2017,704.5,724.450012,701.099976,719.25,703.215576,23142150
4/7/2017,710.650024,717,701.275024,703.299988,687.621033,14572302
4/10/2017,705,712.450012,688.650024,690.674988,675.277588,14066282
4/11/2017,693.924988,700.224976,685.049988,686.174988,670.877869,14743454
4/12/2017,691.400024,693.224976,675.575012,677,661.907471,12548430
4/13/2017,677,686.700012,673.674988,682.400024,667.187012,5812376
4/17/2017,682.5,697.775024,682.5,695.924988,680.410461,5411708
4/18/2017,699.974976,705,683.5,685.099976,669.826904,7322166
4/19/2017,684.5,691.275024,678.775024,684.400024,669.142517,5290584
4/20/2017,689.5,693.400024,682.049988,684.775024,669.509155,3837224
4/21/2017,690.25,710.5,689.275024,701.25,685.616882,13820554
4/24/2017,704.525024,717.5,700.099976,708.700012,692.900757,11663462
4/25/2017,730,733.875,713.049988,716.400024,700.429077,16807408
4/26/2017,717.5,720.025024,701.299988,708.224976,692.43634,7663550
4/27/2017,708.5,712.075012,701.099976,704.75,689.038818,5747310
4/28/2017,704.875,710.150024,695.5,697.599976,682.048157,5416808
5/2/2017,701,701,683.150024,685.275024,669.997986,8499368
5/3/2017,688.450012,690.375,682.5,685.049988,669.778015,4343098
5/4/2017,687.5,689.799988,677.025024,678.974976,663.83844,6567622
5/5/2017,680.799988,683.674988,662.5,664.125,649.319458,7131086
5/8/2017,665,669.75,659.174988,660.700012,645.970886,7345170
5/9/2017,662,666.825012,660.125,665.174988,650.346069,9649022
5/10/2017,667.400024,681.799988,665.325012,679.549988,664.400574,10471864
5/11/2017,682.049988,684.875,675.825012,679.775024,664.620544,6301512
5/12/2017,680.025024,682,672.025024,675.224976,660.171997,3439458
5/15/2017,678.200012,678.200012,666.75,672.049988,657.06781,3080426
5/16/2017,673.025024,688.450012,670.5,678.150024,663.03186,5785894
5/17/2017,676.5,682.974976,673.875,676.549988,661.467468,4500608
5/18/2017,670.125,675,662.049988,663.674988,648.879517,4475832
5/19/2017,666.5,667.849976,655,659.424988,644.724243,5857766
5/22/2017,663.25,666.799988,657.599976,662.075012,647.315186,4023718
5/23/2017,662.849976,664.924988,651,652.775024,638.222473,4216446
5/24/2017,653.75,656.849976,647.549988,648.849976,634.384949,6549608
5/25/2017,650,656.200012,648.224976,651.224976,636.707031,11850670
5/26/2017,651.974976,672.200012,650,668.650024,653.743652,9797278
5/29/2017,668.5,682.724976,667.799988,678.450012,663.325073,10982340
5/30/2017,677.950012,682.349976,674.25,679.674988,664.522766,4415454
5/31/2017,683.5,683.974976,667.900024,670.349976,655.405762,7508198
6/1/2017,666.349976,670,661.5,664.125,649.319458,4358656
6/2/2017,667.5,669.349976,658.5,662.375,647.608521,5255130
6/5/2017,663.125,670.5,657.924988,664.674988,649.857239,4953412
6/6/2017,666.974976,666.974976,655.5,656.400024,641.766785,4384712
6/7/2017,655.599976,671,654.5,669.5,654.574707,5119908
6/8/2017,670,672.400024,664.025024,665.849976,651.005981,3613042
6/9/2017,672.549988,676.474976,665.5,667.849976,652.961426,6325604
6/12/2017,663.275024,664.875,658.5,659.724976,645.017517,3855026
6/13/2017,660.299988,663.5,655.5,657.174988,642.524414,2754582
6/14/2017,657.950012,680,657.950012,678.75,663.618469,24202054
6/15/2017,680,697.5,679.549988,691.974976,676.548584,12933608
6/16/2017,694.549988,697.900024,684.650024,694.400024,678.919556,14954314
6/19/2017,695.099976,707.900024,695.099976,704.625,688.916565,6965824
6/20/2017,704.5,711.049988,703.724976,706.174988,690.432007,4636798
6/21/2017,703.900024,714,702.125,711,695.149475,9139886
6/22/2017,714.724976,722.700012,713.849976,716.325012,700.355774,10111884
6/23/2017,718,721,715.299988,717.924988,701.920105,14237664
6/27/2017,716,721.5,712.5,718.575012,702.555603,14899756
6/28/2017,719.974976,719.974976,697.775024,699.25,683.661499,7117076
6/29/2017,700,705,695.049988,696.349976,680.825989,5896644
6/30/2017,696,696.200012,687.525024,690,674.617676,3572422
7/3/2017,694.099976,697.349976,685.5,690.525024,675.13092,4203772
7/4/2017,695,713.549988,694.5,710.974976,695.125,8602400
7/5/2017,714.724976,723.724976,712,721.325012,705.244385,12439044
7/6/2017,724.349976,725,719,721.275024,705.195435,6213034
7/7/2017,721.5,748.875,720,745.575012,728.953674,16387270
7/10/2017,747.549988,750.450012,744.549988,746.424988,729.784729,1602158
7/11/2017,750.5,752.200012,743.5,747.174988,730.518005,9598458
7/12/2017,749.700012,762.5,748.75,755.549988,738.706299,7819594
7/13/2017,754.375,762.5,753.075012,761.049988,749.488342,10519518
7/14/2017,760,768,757.775024,766.875,755.224792,9386022
7/17/2017,768.5,779.799988,768.5,775.875,764.088074,8571618
7/18/2017,773.400024,775.900024,755.5,759.950012,748.405029,8978824
7/19/2017,756.299988,769,756.299988,766.474976,754.830872,5390082
7/20/2017,769.875,775,761.849976,764.450012,752.83667,6229372
7/21/2017,775,795.849976,772.474976,792.5,780.460571,44410224
7/24/2017,800,812.450012,792.5,807.625,795.355774,19854458
7/25/2017,812.349976,812.474976,798.799988,801.075012,788.905334,9172158
7/26/2017,802.099976,814.950012,800.549988,811.375,799.048828,10036778
7/27/2017,814,815.75,794.174988,797.400024,785.286133,8416142
7/28/2017,795.625,802.974976,789,797.224976,785.11377,6552046
7/31/2017,800.974976,809.400024,798,807.599976,795.331116,7574068
8/1/2017,811.375,811.375,795.75,801.799988,789.619202,5628596
8/2/2017,805,817.849976,804.049988,814.599976,802.224854,9502770
8/3/2017,813.424988,832.450012,808.525024,825.049988,812.516052,9009552
8/4/2017,831.5,831.5,807.549988,811.075012,798.753357,8494090
8/7/2017,815.799988,815.799988,806.275024,808.174988,795.897461,4360036
8/8/2017,809,810.525024,793.400024,801.275024,789.102295,5011136
8/9/2017,800.75,810,792.5,799.400024,787.255798,4771286
8/10/2017,796.525024,803.325012,788.974976,792.174988,780.140503,4657686
8/11/2017,775.474976,790,766.5,773.125,761.379883,7770128
8/14/2017,780.5,792.25,780.5,786.525024,774.576416,6144598
8/16/2017,786,788,775.099976,783.049988,771.154114,6206788
8/17/2017,784.5,798.825012,780.575012,783.549988,771.646545,7236358
8/18/2017,782,788.900024,776.575012,787.700012,775.733521,3628022
8/21/2017,788.5,792.075012,780.125,782.200012,770.317078,3462376
8/22/2017,786,789.950012,778.025024,780.025024,768.175049,4358460
8/23/2017,782.424988,793.275024,776.575012,791.025024,779.007996,3803648
8/24/2017,795,796.549988,782.25,784.025024,772.114319,5785142
8/28/2017,789.525024,790.974976,780.599976,783.275024,771.375732,5630656
8/29/2017,780.924988,783.75,765,766.075012,754.437012,6932842
8/30/2017,773.775024,784.400024,770.625,782.049988,770.169312,4724774
8/31/2017,787.5,798.724976,787,797.25,785.138428,11476990
9/1/2017,799.924988,808.299988,799.5,805.049988,792.819885,7054954
9/4/2017,807.75,818.075012,797.924988,806.674988,794.420227,9856750
9/5/2017,815,817.424988,810.525024,816.299988,803.898987,11528262
9/6/2017,813.200012,826.25,811.400024,822.700012,810.201721,22285024
9/7/2017,823,832.5,815,818.099976,805.671631,7408536
9/8/2017,820,823.25,812.099976,816.900024,804.489929,6056729
9/11/2017,821.299988,826.849976,816.549988,817.900024,805.474731,5801712
9/12/2017,822.75,825,817,823.75,811.23584,2971669
9/13/2017,824,859.900024,822,849,836.102234,13430225
9/14/2017,855.799988,861.5,842,843.849976,831.030457,5425486
9/15/2017,842,852.849976,834.75,841.799988,829.011597,13072853
9/18/2017,850,851.049988,843.099976,845.549988,832.70459,2314174
9/19/2017,848.700012,848.75,837,838.599976,825.860168,3528729
9/20/2017,856.099976,872.5,845.099976,847.150024,834.280334,11402965
9/21/2017,847,851.700012,836.25,841.349976,828.568359,5920552
9/22/2017,839.900024,839.900024,813.200012,817.400024,804.9823,5620443
9/25/2017,815,827.950012,805.200012,821.549988,809.069275,6505309
9/26/2017,821.700012,827.049988,812.200012,820.099976,807.641235,4829571
9/27/2017,825.599976,825.700012,795.5,799.150024,787.009521,8434196
9/28/2017,799.650024,802.900024,780.200012,786.450012,774.502441,13508179
9/29/2017,791.75,793.400024,779.099976,780.900024,769.036804,7619230
10/3/2017,795,803.849976,785.349976,798.349976,786.22168,8387059
10/4/2017,799.200012,824.950012,795.599976,818.849976,806.410217,8643924
10/5/2017,825,828.450012,818.650024,824.150024,811.629761,4860479
10/6/2017,824,839.349976,822.599976,837.049988,824.33374,5942106
10/9/2017,839,839.799988,828,830.650024,818.031006,4046109
10/10/2017,831,847.299988,831,843.200012,830.390381,6734986
10/11/2017,845.299988,858.400024,836,840.150024,827.386658,7049800
10/12/2017,842.099976,876.799988,842.099976,872.75,859.491394,8522926
10/13/2017,879.299988,890.700012,873.349976,876.450012,863.135193,9833512
10/16/2017,879,892,861.299988,876.799988,863.479919,14633539
10/17/2017,878,884,867.200012,874.349976,861.067078,6354084
10/18/2017,877.400024,917.900024,875,914.5,900.607117,16765178
10/19/2017,915.799988,921.900024,903,909.900024,896.077087,3664082
10/23/2017,912.900024,944.700012,909.099976,939.75,925.473633,12551649
10/24/2017,947.700012,947.700012,928.200012,934.25,920.05719,6335308
10/25/2017,940.099976,945.900024,929.5,939.900024,925.621338,4577050
10/26/2017,940,957.799988,931,947.400024,933.007446,7698704
10/27/2017,950,956.700012,925.700012,929.849976,915.723877,5256749
10/30/2017,934,945.549988,930.599976,942.5,928.181763,3576533
10/31/2017,944.950012,945.75,932.200012,940.849976,926.556824,4345360
11/1/2017,947.75,957.799988,945.75,952.549988,938.079102,8033040
11/2/2017,952.799988,956.5,944.25,946.599976,932.219482,4698609
11/3/2017,955.950012,955.950012,940.150024,945.299988,930.93927,2193730
11/6/2017,942.5,942.5,929,932.5,918.33374,4460799
11/7/2017,933.349976,935,903.049988,906.700012,892.925659,9347943
11/8/2017,902.5,906,884.099976,887.799988,874.312805,8115980
11/9/2017,894.75,909.900024,892.049988,900.5,886.819824,6860798
11/10/2017,900.950012,900.950012,879.200012,883.849976,870.422791,6365174
11/13/2017,885,891.900024,873.5,875.25,861.953491,4155011
11/14/2017,875,895,873,886.700012,873.229492,5706105
11/15/2017,884.5,890.599976,877.950012,883.700012,870.275085,6981872
11/16/2017,885.5,906,885.5,903.849976,890.118958,6931038
11/17/2017,918.950012,924.900024,908.5,911.900024,898.046692,5586242
11/20/2017,906.200012,924.349976,905,920.849976,906.860657,4220192
11/21/2017,926.799988,939.650024,925.5,932.549988,918.382935,5980763
11/22/2017,937.450012,938.650024,923.450012,930.75,916.610291,5055490
11/23/2017,931,949.900024,926.650024,947,932.613403,7329126
11/24/2017,950,959.5,947.400024,951.099976,936.651123,6394443
11/27/2017,947.25,957.5,944,951.349976,936.897339,4680074
11/28/2017,949.849976,951.349976,938.099976,943.349976,929.01886,4641893
11/29/2017,941.849976,950,941,946,931.628662,3674864
11/30/2017,941.450012,941.450012,919.5,921.549988,907.550049,9434893
12/1/2017,924.450012,931.25,907.700012,910.099976,896.273987,5081389
12/4/2017,913.5,913.799988,897.349976,901.599976,887.903137,4618847
12/5/2017,901.049988,920.75,895.450012,913.700012,899.819336,8369174
12/6/2017,910,930.299988,908.799988,926.650024,912.572571,11007689
12/7/2017,930.049988,936,923,931.549988,917.398132,5529565
12/8/2017,933.849976,936.950012,919.049988,921,907.008484,5588486
12/11/2017,922.450012,926,913.549988,916.150024,902.232117,4933853
12/12/2017,915.950012,929,908,915.599976,901.69043,7215014
12/13/2017,916.900024,924.950012,910.700012,914.650024,900.754883,4182097
12/14/2017,919,924.900024,908.75,921.5,907.500793,5021130
12/15/2017,931,932.950012,917.700012,919.75,905.777405,11158706
12/18/2017,911.950012,932.650024,862.650024,921,907.008484,8494801
12/19/2017,923.599976,927,920,925.950012,911.88324,4064982
12/20/2017,925.900024,927.400024,917,918.150024,904.20166,4774414
12/21/2017,918.450012,923.950012,910,912.950012,899.080688,4147162
12/22/2017,914.650024,922.400024,909.299988,920.400024,906.417603,4872675
12/26/2017,924.849976,938.900024,918.150024,929.799988,915.674683,5301456
12/27/2017,933,937.5,919,923.75,909.716675,4352384
12/28/2017,925.25,934.400024,919.099976,924.200012,910.159851,7091515
12/29/2017,926.5,932.299988,918.5,921.049988,907.057678,5069838
1/1/2018,922.700012,922.700012,907.5,909.75,895.92926,4321686
1/2/2018,913,919.549988,906.400024,911.150024,897.308044,4342815
1/3/2018,925,926,913.049988,914.799988,900.902649,6175312
1/4/2018,918.150024,921.799988,915.700012,920.299988,906.319092,4118581
1/5/2018,921.799988,926.900024,920.25,923.25,909.224243,3401905
1/8/2018,926.099976,931,923.5,928.549988,914.443665,4035417
1/9/2018,928.150024,943.900024,924,940.950012,926.655334,6534997
1/10/2018,943,947.400024,935.5,942.349976,928.033997,5361502
1/11/2018,941.799988,942.650024,935,937.75,923.503967,3588377
1/12/2018,943,952.799988,938.25,949,934.583069,6890028
1/15/2018,950,958.5,945.200012,949.150024,934.730774,5084113
1/16/2018,947.700012,947.700012,920,922.950012,908.928772,4948895
1/17/2018,926,929,907,924.5,910.455261,6036432
1/18/2018,929,929.599976,915.099976,919.700012,905.728149,4289053
1/19/2018,923,934.400024,922.099976,931.299988,917.151855,4559564
1/22/2018,948,974.299988,940,971.5,956.741272,20892838
1/23/2018,975,990.950012,975,983.25,968.312744,10298500
1/24/2018,981.75,981.75,962.650024,966.349976,951.669434,6532672
1/25/2018,967.900024,972,956.150024,965.900024,951.226318,6249419
1/29/2018,966.200012,977.299988,959.299988,964.5,949.847595,4524605
1/30/2018,965.799988,965.799988,949,950.400024,935.961853,4198139
1/31/2018,950,964.5,941.549988,961.299988,946.696228,5738209
2/1/2018,963.25,972.599976,936.599976,943.849976,929.51123,7554587
2/2/2018,935,943.950012,901,904.349976,890.611328,13242095
2/5/2018,894,912.5,881.799988,902.150024,888.444763,8773525
2/6/2018,877,898,871,892.099976,878.547424,11000567
2/7/2018,902.549988,905.400024,890,894.400024,880.8125,7100838
2/8/2018,897.900024,910.650024,892.349976,904.549988,890.808289,6320734
2/9/2018,889,902,886,897.849976,884.210083,5294279
2/12/2018,903,918.200012,902.049988,915.5,901.59198,5429792
2/14/2018,923,942.5,921,933.650024,919.466248,10170959
2/15/2018,937.650024,945.75,928.150024,935.650024,921.435913,6109454
2/16/2018,939.599976,942.599976,918.099976,921.299988,907.303833,4401672
2/19/2018,921,932,913.549988,927,912.917236,4087936
2/20/2018,929,929.549988,918.799988,921.099976,907.106934,3866919
2/21/2018,930,932.5,922.150024,929.349976,915.231567,5448230
2/22/2018,922,931,920,924.349976,910.307434,5118850
2/23/2018,925.400024,938,922.75,934.25,920.05719,4850839
2/26/2018,939,944.900024,936.599976,938.700012,924.439514,3856478
2/27/2018,939,955.799988,938.349976,950.5,936.060303,6410097
2/28/2018,945.950012,957.099976,943.200012,954.549988,940.048767,25898694
3/1/2018,949.75,959.900024,945.950012,948.400024,933.992188,4094652
3/5/2018,943,950.150024,921.599976,924.099976,910.06134,5634893
3/6/2018,929,936.200012,905.099976,910.849976,897.012573,7323680
3/7/2018,909.25,909.25,888.049988,889.75,876.233154,7247708
3/8/2018,897.650024,914.5,893.299988,911.450012,897.603516,6072983
3/9/2018,914.900024,919.349976,911.049988,913.099976,899.228394,4863577
3/12/2018,920,933.099976,917.549988,930.299988,916.167114,3801407
3/13/2018,931.900024,936,921.349976,931.849976,917.693542,5096825
3/14/2018,928.799988,932.049988,919.200012,929.049988,914.936096,6731530
3/15/2018,925,929.450012,910,911.799988,897.948181,5811424
3/16/2018,909,909.700012,886.049988,900.049988,886.376648,14087564
3/19/2018,901,906.900024,892,895.5,881.895813,5774392
3/20/2018,893.299988,904,887.049988,889.799988,876.28241,6945721
3/21/2018,894.849976,902.349976,893.299988,896.900024,883.274597,6727261
3/22/2018,896,911.950012,895.75,908.150024,894.353638,10116965
3/23/2018,890.599976,900,889.099976,893.900024,880.32019,10729694
3/26/2018,893.950012,904.299988,892.5,901.099976,887.410706,6047262
3/27/2018,907.200012,910.75,897,899.799988,886.130432,6939577
3/28/2018,895.799988,895.849976,880,882.700012,869.290222,8759586
4/2/2018,893,900.950012,886.5,892.950012,879.384521,5712065
4/3/2018,891,901.700012,885.25,899.549988,885.884277,6364728
4/4/2018,904.700012,911.799988,892.049988,894.900024,881.304932,6498407
4/5/2018,905.099976,910,903.5,908.200012,894.402832,3898676
4/6/2018,908,918.5,905,911,897.160339,4418462
4/9/2018,912.549988,919,912.549988,916,902.084351,3572251
4/10/2018,918.400024,923.900024,914.150024,917.049988,903.118408,3865402
4/11/2018,921.799988,932.75,916.049988,930.849976,916.70874,6007539
4/12/2018,929.849976,936.650024,924.200012,928.700012,914.591492,4947725
4/13/2018,932.700012,941.700012,928.700012,938.849976,924.587219,5767984
4/16/2018,934.450012,940,928.5,937.049988,922.814575,4084450
4/17/2018,940,947.200012,936,944.25,929.905212,4388713
4/18/2018,945.25,948.200012,935.049988,938,923.750183,3365196
4/19/2018,939.099976,945,935,942.299988,927.984802,4481413
4/20/2018,938,941.849976,921.200012,927.900024,913.803589,3349519
4/23/2018,930,944.349976,928.5,936,921.780518,3508515
4/24/2018,935.799988,975.700012,935,970.049988,955.313293,9107264
4/25/2018,973.650024,981.799988,963.549988,970.5,955.75647,6436620
4/26/2018,973,988,962.25,975.349976,960.532776,15588001
4/27/2018,989.799988,1011,985.5,996.299988,981.16449,11666267
4/30/2018,982,992.599976,960,963.299988,948.665771,8871802
5/2/2018,967,979.200012,965.049988,972.700012,957.923035,6117761
5/3/2018,977.900024,977.900024,959.25,961.599976,946.991577,3947546
5/4/2018,962.849976,964.700012,950,953.950012,939.457825,3795692
5/7/2018,958.849976,973.25,956.349976,971,956.248779,3512532
5/8/2018,977.5,982,965.200012,967.099976,952.40802,4934036
5/9/2018,965.900024,984.299988,962.25,976.700012,961.862244,4494423
5/10/2018,980,984.599976,974.25,981.150024,966.244629,4014645
5/11/2018,981.25,991.299988,977.75,989.25,974.221619,4011516
5/14/2018,991.950012,991.950012,976.700012,986.599976,971.611816,2579561
5/15/2018,983.049988,1000,976.650024,978.950012,964.078064,4800923
5/16/2018,974,974,952.450012,956.150024,941.62439,8613363
5/17/2018,959.349976,960,941.5,945.349976,930.988464,4733477
5/18/2018,945.599976,953.5,932,933.849976,919.663147,5230037
5/21/2018,930.75,935.700012,922.099976,931.349976,917.201111,6624893
5/22/2018,933.150024,934,925,926.75,912.671082,5170585
5/23/2018,926,926,909.150024,912.25,898.391357,4567562
5/24/2018,914,921,910.150024,915.849976,901.936584,5317983
5/25/2018,916,923.400024,914.450012,920.799988,906.811401,8129520
5/28/2018,924.900024,927,918.099976,920.400024,906.417603,5197835
5/29/2018,921.5,928,914.400024,917.450012,903.512329,8173396
5/30/2018,914.849976,923.200012,906.599976,916.099976,902.182861,5991222
5/31/2018,921,922.299988,914.549988,921.349976,907.353027,16951801
6/1/2018,920,935.75,918.450012,930.549988,916.413269,8765835
6/4/2018,933.400024,944,930.549988,940.849976,926.556824,5600357
6/5/2018,942.799988,955,941,947.650024,933.25354,7971524
6/6/2018,947,956,942.650024,954.400024,939.901062,4189483
6/7/2018,954.900024,976,954.450012,971.349976,956.593506,6857300
6/8/2018,966.349976,986.549988,960.599976,984.349976,969.395996,6532599
6/11/2018,987.099976,999.950012,979.049988,982.650024,967.721863,6866053
6/12/2018,983.400024,1000,980.299988,997.150024,982.001587,7445221
6/13/2018,1000,1005.900024,989.5,1002.5,987.270325,5926020
6/14/2018,997.450012,1011.799988,987.400024,1007.950012,992.637573,5484867
6/15/2018,1006,1023.5,999.25,1014.200012,998.792603,11294702
6/18/2018,1008.799988,1020.450012,1007,1015.549988,1000.12207,5652374
6/19/2018,1013.900024,1014.799988,993.650024,996.049988,980.918213,6346101
6/20/2018,996,1022.900024,994.849976,1019.25,1003.765808,7193824
6/21/2018,1023.450012,1036,1021.299988,1031.949951,1016.272766,10509756
6/22/2018,1028.400024,1029.199951,1008.450012,1012.5,997.118347,16169978
6/25/2018,1011.400024,1016.5,1002.299988,1004.450012,989.190674,5197694
6/26/2018,1006,1006,975.25,978.950012,964.078064,8068585
6/27/2018,978.5,985.400024,962.700012,965.849976,956.987366,8958555
6/28/2018,962,968.5,940.299988,944.950012,936.279175,8581234
6/29/2018,949.099976,975.5,949,972.450012,963.526794,7966401
7/2/2018,972.349976,972.349976,957,960.599976,951.785522,6660916
7/3/2018,965,978.450012,960.349976,971.299988,962.387329,5067261
7/4/2018,971.799988,992,971,990.099976,981.014832,5000724
7/5/2018,997,1008.400024,958.599976,964.5,955.64978,18719353
7/6/2018,964.75,983,964.5,977.549988,968.580017,9161266
7/9/2018,987.099976,1000,983.5,997.099976,987.950623,5170189
7/10/2018,1002.75,1028.5,1000,1025.699951,1016.288147,10444513
7/11/2018,1025,1040.900024,1017.849976,1038.800049,1029.267944,8665072
7/12/2018,1044.349976,1099,1042.599976,1082.349976,1072.418335,24109297
7/13/2018,1080.5,1109,1080,1099.800049,1089.708252,17967282
7/16/2018,1099.800049,1108.900024,1073.050049,1076.199951,1066.324707,6595781
7/17/2018,1078.300049,1095.949951,1069.599976,1092.349976,1082.326538,6469256
7/18/2018,1098.400024,1104.599976,1077.300049,1092.550049,1082.52478,4682099
7/19/2018,1093.300049,1115,1086.349976,1104.849976,1094.711792,5433617
7/20/2018,1113.400024,1138.5,1111.900024,1128.650024,1118.293579,8018150
7/23/2018,1129.800049,1129.800049,1113.099976,1120.300049,1110.020142,5842496
7/24/2018,1122,1126.75,1107.400024,1110.949951,1100.755859,4469144
7/25/2018,1110,1123,1104.199951,1115.150024,1104.91748,5949680
7/26/2018,1110.099976,1121.5,1107.800049,1110.650024,1100.45874,6424867
7/27/2018,1119.5,1137.400024,1112.150024,1129.849976,1119.482422,6679468
7/30/2018,1130,1157.300049,1128,1151.400024,1140.834839,13872467
7/31/2018,1151,1190.400024,1147.150024,1186,1175.11731,13875377
8/1/2018,1190.400024,1202.900024,1185.400024,1192.349976,1181.408936,9704295
8/2/2018,1191.5,1191.5,1165.949951,1168.349976,1157.62915,6248975
8/3/2018,1175,1183.5,1169.550049,1176.949951,1166.150269,6645397
8/6/2018,1176.699951,1196,1175.349976,1192.599976,1181.656616,4016418
8/7/2018,1194.900024,1201.400024,1177,1184.199951,1173.33374,4059450
8/8/2018,1185,1222.5,1185,1217.699951,1206.526367,7912437
8/9/2018,1221.5,1231.699951,1212,1217.949951,1206.774048,6846928
8/10/2018,1211,1215,1202.300049,1204.199951,1193.150269,3581210
8/13/2018,1197.550049,1199.949951,1182.699951,1187.699951,1176.801514,4668159
8/14/2018,1190,1217.199951,1184.300049,1210.599976,1199.491577,5299536
8/16/2018,1203.25,1216,1195.5,1200.800049,1189.781494,5982490
8/17/2018,1209,1215.400024,1200.050049,1203.75,1192.704468,3830992
8/20/2018,1207.900024,1236.800049,1207.650024,1234.900024,1223.568604,7607036
8/21/2018,1237.25,1251.5,1227,1247.199951,1235.755615,7279641
8/23/2018,1246.300049,1274,1238.400024,1269.449951,1257.801392,7968123
8/24/2018,1265.25,1279.949951,1260.050049,1277.5,1265.77771,6652005
8/27/2018,1279.400024,1295.849976,1278.75,1291.5,1279.649292,5572177
8/28/2018,1296,1323,1295,1319,1306.896851,8694751
8/29/2018,1316.300049,1329,1290.199951,1294.199951,1282.324341,11077203
8/30/2018,1293.599976,1297.150024,1270.449951,1274.449951,1262.755615,9850042
8/31/2018,1270,1270,1236.599976,1241.650024,1230.256592,15305857
9/3/2018,1245,1257.900024,1226.050049,1229.150024,1217.871338,12200022
9/4/2018,1235.150024,1254.800049,1229,1241.949951,1230.553833,8838770
9/5/2018,1242.5,1252.650024,1208.5,1227,1215.741089,10324923
9/6/2018,1230.150024,1265.699951,1225.349976,1261.400024,1249.825439,11195043
9/7/2018,1264.900024,1281.349976,1254.5,1278.599976,1266.867554,10692787
9/10/2018,1275,1277,1250.099976,1255.849976,1244.326294,7059008
9/11/2018,1259,1268.400024,1234.25,1237.699951,1226.342773,10874768
9/12/2018,1251.800049,1258.699951,1228.849976,1252.5,1241.00708,8065553
9/14/2018,1259.400024,1275.599976,1247.650024,1253.150024,1241.651123,7878583
9/17/2018,1250.75,1250.75,1221.599976,1225.900024,1214.651245,6754086
9/18/2018,1226,1239.400024,1214.349976,1217.150024,1205.981445,7616412
9/19/2018,1224,1224,1201,1210.75,1199.640137,11265786
9/21/2018,1219,1237.400024,1183.5,1217.5,1206.328247,19070172
9/24/2018,1214.449951,1239.900024,1204.5,1232.050049,1220.744751,10102589
9/25/2018,1235.5,1245,1195,1230.599976,1219.307983,9715020
9/26/2018,1239,1253.949951,1227.150024,1251.400024,1239.917114,6396828
9/27/2018,1255,1263,1237.5,1253.75,1242.245605,10808749
9/28/2018,1259.900024,1271.699951,1247.300049,1257.949951,1246.407104,11073023
10/1/2018,1257.699951,1257.699951,1204,1231.699951,1220.397827,7332693
10/3/2018,1229.5,1239.599976,1200.050049,1205.099976,1194.041992,7376575
10/4/2018,1189.5,1190.400024,1106,1122.25,1111.952271,23212443
10/5/2018,1099.5,1115.300049,1038.150024,1048.849976,1039.225708,21943190
10/8/2018,1050,1117,1025.550049,1109.400024,1099.220215,24679428
10/9/2018,1121.650024,1123.300049,1081.199951,1090.050049,1080.047729,10991196
10/10/2018,1093.900024,1115.849976,1084.300049,1102.099976,1091.987183,9502176
10/11/2018,1064,1114.75,1043,1087.800049,1077.818359,13224172
10/12/2018,1104.949951,1129,1101.900024,1126.550049,1116.212769,9058536
10/15/2018,1129.900024,1146.900024,1118.150024,1139.75,1129.291626,8871776
10/16/2018,1146,1167.400024,1140,1163.800049,1153.121094,7478601
10/17/2018,1179,1179.349976,1140,1151.300049,1140.735718,12785646
10/19/2018,1100,1111,1070.25,1101.300049,1091.194458,25421229
10/22/2018,1110,1114.800049,1057.349976,1062.650024,1052.89917,13165542
10/23/2018,1052.75,1064.699951,1043.650024,1054.699951,1045.021973,10573730
10/24/2018,1074.900024,1075.949951,1031.400024,1045.75,1036.154175,13655337
10/25/2018,1036,1040.650024,1016.400024,1030.800049,1021.341492,14096237
10/26/2018,1032.900024,1057,1022,1044.900024,1035.312134,9182613
10/29/2018,1046,1093.849976,1046,1087.800049,1077.818359,7671807
10/30/2018,1085.5,1085.5,1052.099976,1057,1047.301025,8806701
10/31/2018,1059,1065.849976,1047,1061.25,1051.511963,16457691
11/1/2018,1067.900024,1067.900024,1050,1056.25,1046.557861,9396027
11/2/2018,1067,1081,1063.150024,1074.900024,1065.036743,16796200
11/5/2018,1073.449951,1092.699951,1065,1090.300049,1080.29541,7582518
11/6/2018,1094,1112,1091.599976,1104.099976,1093.96875,8634266
11/7/2018,1115,1115,1106.699951,1110.699951,1100.508179,1283997
11/9/2018,1106.25,1113.800049,1085,1093.449951,1083.416504,10840462
11/12/2018,1097.699951,1098.800049,1074.550049,1080,1070.089966,5801720
11/13/2018,1074,1103,1070.050049,1099.449951,1089.36145,6811598
11/14/2018,1105.050049,1112.650024,1085.5,1097.949951,1087.875244,7787530
11/15/2018,1096.949951,1103,1086.5,1096.849976,1086.7854,6831740
11/16/2018,1097.949951,1129.949951,1097.099976,1127.400024,1117.054932,11031889
11/19/2018,1132.900024,1151.699951,1131,1150,1139.447632,7308981
11/20/2018,1145,1155.900024,1130,1137.400024,1126.963257,5719901
11/21/2018,1137.5,1145.5,1107.050049,1112.900024,1102.68811,7507812
11/22/2018,1114.5,1125.349976,1100.099976,1102.849976,1092.730225,5792568
11/26/2018,1109,1117.5,1097.400024,1109.75,1099.566895,6386556
11/27/2018,1107.900024,1130,1105.449951,1128.199951,1117.847656,6810228
11/28/2018,1132.449951,1157.75,1126.300049,1152.650024,1142.073364,8003964
11/29/2018,1161,1179.900024,1160,1168.5,1157.777832,12636169
11/30/2018,1172.300049,1186,1162.300049,1167.550049,1156.83667,10717448
12/3/2018,1174.900024,1174.900024,1148.5,1156.449951,1145.838379,5569578
12/4/2018,1158,1158,1142.199951,1152.300049,1141.726563,5192825
12/5/2018,1143.75,1158.800049,1139.300049,1155.150024,1144.550415,5819618
12/6/2018,1149,1149,1118.25,1123.650024,1113.339355,5866108
12/7/2018,1129.449951,1136.949951,1108.349976,1133.800049,1123.39624,7214078
12/10/2018,1110,1114.300049,1083.099976,1090.25,1080.24585,9381544
12/11/2018,1066,1102.099976,1055,1097.550049,1087.478882,13494665
12/12/2018,1099,1113.5,1087.75,1110.5,1100.310059,12605431
12/13/2018,1128,1128,1095.050049,1107.050049,1096.891724,9297518
12/14/2018,1103.099976,1114.900024,1091.800049,1112.199951,1101.994385,7221324
12/17/2018,1115.949951,1133,1111.5,1129.900024,1119.532104,5064357
12/18/2018,1123.300049,1139,1120.5,1136.400024,1125.972534,5870928
12/19/2018,1141.5,1147.300049,1133.199951,1136.800049,1126.368774,7368799
12/20/2018,1121,1132.5,1116.150024,1128.449951,1118.095337,5764731
12/21/2018,1125,1131.25,1096,1100.199951,1090.104492,8281941
12/24/2018,1100.900024,1103.199951,1086.550049,1089.150024,1079.156006,4144535
12/26/2018,1085.800049,1100,1065.650024,1098.349976,1088.271606,7210059
12/27/2018,1107.199951,1127,1104,1120.199951,1109.921021,12478000
12/28/2018,1125.5,1135.25,1121.199951,1125.550049,1115.222046,7666016
12/31/2018,1130.949951,1133.849976,1116.199951,1121.25,1110.961426,7222817
1/1/2019,1125.25,1127.300049,1110.099976,1121,1110.713623,4455850
1/2/2019,1114.5,1127,1101,1106.400024,1096.247681,7144970
1/3/2019,1107.5,1114.599976,1090.099976,1092.75,1082.7229,7446457
1/4/2019,1097.400024,1104.449951,1081.099976,1098.650024,1088.568726,8465141
1/7/2019,1107,1118.449951,1101,1104.75,1094.612793,5513559
1/8/2019,1105.099976,1109.949951,1096,1104.650024,1094.513794,5625153
1/9/2019,1112,1117,1098.699951,1110.75,1100.557861,5766805
1/10/2019,1107.75,1111,1103,1107.5,1097.337524,4080283
1/11/2019,1107.599976,1113.800049,1088.599976,1098.050049,1087.974365,6463903
1/14/2019,1095,1100.5,1086.400024,1096.800049,1086.73584,4111782
1/15/2019,1105,1132,1105,1129.650024,1119.284302,10062875
1/16/2019,1135,1145,1130.349976,1135.900024,1125.477051,6382777
1/17/2019,1144.449951,1147.900024,1130,1134.449951,1124.040161,7487963
1/18/2019,1148.800049,1189.900024,1135.25,1184.349976,1173.482422,25684142
1/21/2019,1194,1239.949951,1188.650024,1237.699951,1226.342773,22038534
1/22/2019,1232.849976,1246.949951,1219.599976,1235.150024,1223.816284,16552819
1/23/2019,1233.300049,1244.199951,1222,1226.300049,1215.047607,8829502
1/24/2019,1225,1253.199951,1220.099976,1247.449951,1236.003296,13155185
1/25/2019,1250.449951,1264.699951,1235.400024,1246,1234.566772,8550836
1/28/2019,1250.5,1255.949951,1222.400024,1229.550049,1218.2677,8569265
1/29/2019,1231,1231.650024,1201.349976,1210.650024,1199.541138,9328866
1/30/2019,1215,1225,1191.099976,1195.699951,1184.728149,7846940
1/31/2019,1202,1229.699951,1201,1227.150024,1215.889771,10185347
2/1/2019,1234,1255,1227.050049,1249.949951,1238.480469,9228965
2/4/2019,1247,1296.949951,1242.050049,1290.900024,1279.054688,11670570
2/5/2019,1292,1304.400024,1278.599976,1291.550049,1279.69873,9362406
2/6/2019,1296.25,1317.650024,1294.25,1310.25,1298.227173,9411585
2/7/2019,1310.25,1321.199951,1286.099976,1290.400024,1278.559326,9212227
2/8/2019,1284.800049,1300.5,1272.25,1277.699951,1265.975708,6505502
2/11/2019,1275.900024,1276,1251,1253.25,1241.750244,7523999
2/12/2019,1251.5,1272.349976,1251.5,1256.400024,1244.871338,6399485
2/14/2019,1241,1241,1218,1224.199951,1212.966675,6627360
2/15/2019,1229.75,1249.900024,1214,1244.449951,1233.030884,9597961
2/18/2019,1250,1252.5,1215,1220.099976,1208.904419,9649017
2/19/2019,1218,1239.699951,1211.199951,1216.099976,1204.94104,6244189
2/20/2019,1223.849976,1240,1219,1234.349976,1223.02356,6298179
2/21/2019,1236,1257.800049,1229.349976,1246.900024,1235.458496,10580178
2/22/2019,1244.599976,1245.300049,1226,1232.349976,1221.04187,8755865
2/25/2019,1236,1243,1220.650024,1232.300049,1220.992554,7852528
2/26/2019,1209.5,1234.800049,1206,1220.25,1209.052979,10131050
2/27/2019,1228.050049,1244.900024,1209,1223.5,1212.273071,11113182
2/28/2019,1233.75,1239.849976,1226.550049,1231.050049,1219.753906,11286916
3/1/2019,1237,1242.349976,1222.25,1226.050049,1214.799805,7922513
3/5/2019,1223.400024,1239.800049,1218.599976,1237.650024,1226.293335,7121509
3/6/2019,1239.800049,1273.099976,1235.099976,1264.800049,1253.194336,12038231
3/7/2019,1264,1279.800049,1258.150024,1270.25,1258.594238,8109259
3/8/2019,1266.050049,1274.449951,1262,1267.099976,1255.473022,6040052
3/11/2019,1270.050049,1312,1268,1304.099976,1292.133545,9718840
3/12/2019,1316.900024,1334,1314.25,1331.349976,1319.133423,11228736
3/13/2019,1337,1360,1328.099976,1347.300049,1334.937256,11236048
3/14/2019,1349.75,1362,1336.099976,1341.550049,1329.23999,10402048
3/15/2019,1345,1358.800049,1311.199951,1321.650024,1309.522583,15893093
3/18/2019,1331,1357.949951,1329,1350.050049,1337.661987,10105234
3/19/2019,1360,1380,1343.099976,1376.550049,1363.918823,9805318
3/20/2019,1377.800049,1388,1364,1375.449951,1362.828857,9892823
3/22/2019,1372.5,1380.900024,1336.699951,1341.75,1329.43811,11465112
3/25/2019,1330.599976,1336.849976,1316.699951,1324.449951,1312.296875,7951992
3/26/2019,1330.300049,1371.599976,1330,1367.25,1354.704102,9479288
3/27/2019,1377.949951,1377.949951,1344.25,1349.25,1336.869263,10094174
3/28/2019,1350.25,1369.800049,1342.800049,1360,1347.52063,10482938
4/1/2019,1370,1406.800049,1362.550049,1391.849976,1379.078369,10098281
4/2/2019,1398,1403.099976,1380.099976,1389.699951,1376.947998,8012636
4/3/2019,1392.75,1403,1372,1375.199951,1362.581177,7849461
4/4/2019,1379,1383.699951,1347.25,1353.050049,1340.634399,8375674
4/5/2019,1360.949951,1363.900024,1343,1353.900024,1341.476563,6728239
4/8/2019,1356,1357.5,1323.699951,1329.25,1317.052856,8723577
4/9/2019,1328.900024,1340.699951,1321,1334.449951,1322.204956,9497621
4/10/2019,1337.949951,1348,1326.5,1331.400024,1319.183105,7612711
4/11/2019,1332.949951,1353,1329,1346.800049,1334.441772,5741333
4/12/2019,1350,1356.900024,1336.650024,1343.099976,1330.775635,5919742
4/15/2019,1345,1348.949951,1335,1340.150024,1327.852905,4245127
4/16/2019,1345,1360,1340,1343.75,1331.419678,7936553
4/18/2019,1375,1389.75,1365,1385.949951,1373.232422,17960482
4/22/2019,1360,1367,1341.300049,1345.349976,1333.005005,10792748
4/23/2019,1348,1373,1346,1363.849976,1351.335205,9055300
4/24/2019,1370.300049,1394.800049,1366.25,1389.5,1376.749878,7360887
4/25/2019,1389.099976,1412.400024,1362.599976,1372.400024,1359.806885,13929820
4/26/2019,1375,1395.949951,1370.699951,1392.800049,1380.019653,6889444
4/30/2019,1396.400024,1396.400024,1366.800049,1392.800049,1380.019653,10217019
5/2/2019,1392,1413.900024,1382.099976,1405.050049,1392.157349,8682505
5/3/2019,1407.949951,1417.5,1402.650024,1408.849976,1395.922363,6510169
5/6/2019,1398,1402.800049,1378.099976,1384.900024,1372.192139,7237910
5/7/2019,1394.800049,1395,1340.199951,1343.5,1331.171997,8877095
5/8/2019,1340,1340,1292.199951,1299.449951,1287.526245,14610543
5/9/2019,1288.800049,1288.800049,1251.75,1256.449951,1244.920776,19507368
5/10/2019,1265,1277.699951,1245,1251.150024,1239.669434,11226831
5/13/2019,1247.900024,1260.800049,1227.5,1232.050049,1220.744751,8047801
5/14/2019,1236.5,1269.349976,1231.5,1260.449951,1248.884033,13001004
5/15/2019,1273,1278,1250.599976,1256.900024,1245.366699,11163801
5/16/2019,1259.949951,1271.900024,1258.099976,1265.349976,1253.739136,6606652
5/17/2019,1267,1276.949951,1252,1267.400024,1255.770386,7898440
5/20/2019,1313.599976,1337.699951,1303.5,1325.900024,1313.733521,12333937
5/21/2019,1332.199951,1367,1330.050049,1339.800049,1327.505981,13872055
5/22/2019,1345.650024,1359.699951,1335.099976,1340.400024,1328.100464,11287400
5/23/2019,1372,1392,1325,1333.900024,1321.660156,17722514
5/24/2019,1348,1353.800049,1316.5,1336.849976,1324.583008,10180759
5/27/2019,1337.099976,1337.5,1307,1310.650024,1298.623535,7349720
5/28/2019,1319.800049,1334.800049,1313.349976,1323.75,1311.603271,19472659
5/29/2019,1321,1333.300049,1304.150024,1313.050049,1301.001465,7112830
5/30/2019,1316.25,1342,1316.25,1329.75,1317.548218,10740841
5/31/2019,1337.900024,1341.900024,1320.199951,1330.150024,1317.94458,11760178
6/3/2019,1335,1367.25,1321.199951,1360.199951,1347.71875,8483610
6/4/2019,1357.449951,1374.25,1348.099976,1351.650024,1339.247314,7059911
6/6/2019,1361.900024,1361.900024,1321.099976,1327.349976,1315.170166,7664319
6/7/2019,1325.949951,1327.25,1305.599976,1314.900024,1302.834595,6730595
6/10/2019,1320.900024,1327,1310.099976,1319.150024,1307.045532,5380148
6/11/2019,1321.849976,1334.5,1318,1329.150024,1316.953735,5253790
6/12/2019,1334.699951,1338.400024,1325,1332.150024,1319.92627,4707716
6/13/2019,1330,1334.699951,1308.650024,1327.25,1315.071167,7171189
6/14/2019,1321.900024,1325,1309.400024,1317.550049,1305.460205,6831331
6/17/2019,1320,1320,1278.5,1282.300049,1270.533691,6815554
6/18/2019,1278.900024,1287.949951,1269.099976,1281,1269.245483,7679193
6/19/2019,1286.900024,1302,1262.599976,1277.349976,1265.629028,6625604
6/20/2019,1280,1300,1278,1296.75,1284.851074,4914012
6/21/2019,1295.949951,1296,1275.550049,1279.5,1267.759277,10623098
6/24/2019,1272.150024,1276.449951,1257.099976,1262.400024,1250.816162,5150998
6/25/2019,1258.900024,1298,1254.25,1295.849976,1283.959229,6842363
6/26/2019,1291,1304.599976,1286.349976,1294.150024,1282.274902,5299942
6/27/2019,1293.150024,1296.900024,1271,1274.150024,1262.458374,11385972
6/28/2019,1277.099976,1282.849976,1248.650024,1253.099976,1241.60144,8659721
7/1/2019,1258.050049,1272.650024,1246.449951,1268.849976,1257.207031,6162080
7/2/2019,1273.949951,1281,1263.300049,1278.5,1266.768555,4638751
7/3/2019,1282.900024,1286.5,1275.050049,1282.550049,1270.781372,4026032
7/4/2019,1281.400024,1291,1280,1284,1272.218018,4275148
7/5/2019,1285.099976,1290.5,1260,1263.349976,1251.757446,4995344
7/8/2019,1258,1268.099976,1248.199951,1252.050049,1240.561279,6404544
7/9/2019,1248.949951,1283.5,1245.5,1280.099976,1268.35376,8016757
7/10/2019,1280.050049,1289.349976,1268.699951,1278.849976,1267.115234,5494315
7/11/2019,1287,1289.800049,1279.300049,1281.550049,1269.790527,3935460
7/12/2019,1283,1300,1278.050049,1280.5,1268.750122,7174054
7/15/2019,1285,1289.5,1270.349976,1276.099976,1264.390503,4873164
7/16/2019,1279.949951,1294.900024,1277.050049,1293,1281.135498,4604019
7/17/2019,1294.300049,1297,1280,1281.849976,1270.087646,4334958
7/18/2019,1282,1286.400024,1258,1261.849976,1250.27124,5459896
7/19/2019,1268.199951,1272.949951,1242.699951,1249,1237.539185,7468515
7/22/2019,1251,1284.5,1227.300049,1280.5,1268.750122,13300153
7/23/2019,1285,1293.900024,1260.400024,1273.550049,1261.864014,9287951
7/24/2019,1273.5,1278.800049,1253.550049,1259.099976,1247.546387,6943982
7/25/2019,1264,1269.050049,1227,1231.5,1220.199707,9968545
7/26/2019,1231.5,1242.5,1210,1213.800049,1202.662231,9320481
7/29/2019,1216.900024,1222,1205.099976,1210.949951,1199.838257,8058035
7/30/2019,1213.949951,1220,1175.949951,1180.900024,1170.064087,9533344
7/31/2019,1175.75,1185,1162.400024,1166.25,1155.548462,9705619
8/1/2019,1163.400024,1188.199951,1150.349976,1180.25,1169.420044,10344862
8/2/2019,1175.699951,1198.25,1162.099976,1184.349976,1179.919556,10865385
8/5/2019,1167,1167,1128,1143.349976,1139.072998,13897461
8/6/2019,1134.75,1149.599976,1122,1128.300049,1124.079346,13288909
8/7/2019,1126.5,1138.550049,1103.099976,1109.400024,1105.25,11588879
8/8/2019,1108.349976,1158,1095.300049,1152.349976,1148.039307,14262936
8/9/2019,1161.849976,1175.5,1152.300049,1162.099976,1157.752808,10043949
8/13/2019,1233.150024,1302.800049,1226,1274.75,1269.981445,47923444
8/14/2019,1304,1304.449951,1280.349976,1288.25,1283.430908,14487137
8/16/2019,1291.199951,1291.800049,1273,1278,1273.219238,10047496
8/19/2019,1281.050049,1296.800049,1280,1292.599976,1287.764648,7459859
8/20/2019,1289.800049,1292.599976,1272.599976,1275.949951,1271.17688,6843460
8/21/2019,1275.650024,1278.650024,1266.5,1270.949951,1266.195557,4881553
8/22/2019,1270.949951,1271,1238.900024,1246.75,1242.086182,6414937
8/23/2019,1239,1284,1226.5,1275.849976,1271.077271,9741262
8/26/2019,1294,1294,1259,1266.800049,1262.061279,8778739
8/27/2019,1285,1285,1261.199951,1274.849976,1270.081055,12984396
8/28/2019,1273.75,1281,1256.050049,1263.300049,1258.574341,5305639
8/29/2019,1256.449951,1260.25,1235.300049,1241.75,1237.104858,8635974
8/30/2019,1245.5,1254.400024,1221,1248.550049,1243.879517,11308120
9/3/2019,1242.25,1243,1200,1206.400024,1201.887085,8563009
9/4/2019,1200.550049,1205.25,1186.050049,1201.150024,1196.656738,15063355
9/5/2019,1206.800049,1213.199951,1193.300049,1198.599976,1194.116211,10512763
9/6/2019,1203,1229,1195.25,1222.5,1217.92688,10600234
9/9/2019,1220.650024,1233,1213.150024,1222.199951,1217.62793,5370758
9/11/2019,1222.5,1240,1222.5,1234.400024,1229.782349,5544468
9/12/2019,1235,1240.449951,1205.699951,1210.349976,1205.822266,5431139
9/13/2019,1212,1228.5,1206.900024,1225.599976,1221.015259,5919260
9/16/2019,1189,1219.099976,1186.099976,1210.75,1206.220825,9393731
9/17/2019,1211,1211,1193.5,1197.449951,1192.970581,7150435
9/18/2019,1204.949951,1216.300049,1197.199951,1205.699951,1201.189697,6827281
9/19/2019,1207.849976,1209.699951,1172.650024,1179.050049,1174.639526,6293454
9/20/2019,1187.949951,1269.900024,1174.300049,1254.349976,1249.657715,22019674
9/23/2019,1274.150024,1281,1235,1239.199951,1234.564331,9879751
9/24/2019,1243.599976,1298.800049,1242.75,1278.699951,1273.916626,15982067
9/25/2019,1284,1295,1268.849976,1279.550049,1274.76355,8316894
9/26/2019,1292,1298.800049,1283.5,1296.800049,1291.948975,8389212
9/27/2019,1292.5,1315,1284,1309.050049,1304.153198,8712980
9/30/2019,1310,1335.75,1305.550049,1332.25,1327.266357,11549746
10/1/2019,1337,1342,1293.300049,1304.900024,1300.018677,8192597
10/3/2019,1286,1314.699951,1281.300049,1311.050049,1306.14563,6183107
10/4/2019,1319.900024,1328.599976,1303.849976,1308.099976,1303.206665,6853954
10/7/2019,1308.099976,1320.800049,1301.699951,1310.099976,1305.199219,4599818
10/9/2019,1308.699951,1329.949951,1292.5,1324.75,1319.794434,8040938
10/10/2019,1325,1369,1321,1362.75,1357.652222,16003744
10/11/2019,1363.699951,1365.599976,1336.550049,1352.599976,1347.540161,7587648
10/14/2019,1364.949951,1364.949951,1350.849976,1358,1352.920044,6123412
10/15/2019,1362.5,1370,1354.300049,1364.150024,1359.046997,4422075
10/16/2019,1369.900024,1379.650024,1363.699951,1372.349976,1367.216309,8870701
10/17/2019,1375,1399,1372,1396.5,1391.276001,7332464
10/18/2019,1404,1427.900024,1398.699951,1416.349976,1411.051758,12856410
10/22/2019,1425,1436.849976,1403.349976,1414.150024,1408.859985,12703054
10/23/2019,1416.300049,1425.949951,1383.150024,1392.400024,1387.191406,8432964
10/24/2019,1401,1441.400024,1386.550049,1436.449951,1431.076538,10351384
10/25/2019,1441.099976,1441.449951,1411.25,1431.199951,1425.846191,6190013
10/29/2019,1445.5,1480,1442.099976,1467.050049,1461.562134,11780494
10/30/2019,1480,1484.550049,1460.300049,1479.099976,1473.567017,7470723
10/31/2019,1484,1489.650024,1461.699951,1464.349976,1458.872192,8898168
11/1/2019,1455,1461.800049,1441,1456.900024,1451.450073,6356579
11/4/2019,1465.900024,1471,1445.099976,1457.650024,1452.197266,6429329
11/5/2019,1463.099976,1468.949951,1441,1447.300049,1441.885986,5799318
11/6/2019,1442.699951,1446.449951,1428.5,1434.900024,1429.532349,6686289
11/7/2019,1435,1463,1432.199951,1458.599976,1453.143677,6438749
11/8/2019,1449,1459.650024,1441.300049,1445.5,1440.092651,5494844
11/11/2019,1439.099976,1444.25,1422.550049,1427.800049,1422.458984,5192423
11/13/2019,1430,1475.900024,1430,1472.300049,1466.79248,11532364
11/14/2019,1476,1481.599976,1455.800049,1462.75,1457.278198,6518339
11/15/2019,1465.650024,1486.800049,1463.150024,1470.849976,1465.347778,7173674
11/18/2019,1472.650024,1486,1455.400024,1459.199951,1453.741455,6435097
11/19/2019,1467,1514.900024,1465,1509.75,1504.102295,13795569
11/20/2019,1555.050049,1572.400024,1543.199951,1547.650024,1541.860596,19904164
11/21/2019,1545,1556,1528.550049,1537.599976,1531.848145,6810577
11/22/2019,1542.099976,1569.5,1537.599976,1546.5,1540.714844,10218978
11/25/2019,1551.150024,1564.800049,1551,1561.550049,1555.708618,6924313
11/26/2019,1568.099976,1576.349976,1556,1560.25,1554.413452,16152137
11/27/2019,1559.949951,1575.5,1556.099976,1569.849976,1563.977539,4408336
11/28/2019,1572.650024,1584.150024,1563.949951,1580.300049,1574.388428,6284885
11/29/2019,1581.949951,1581.949951,1547.849976,1551.150024,1545.347534,8484822
12/2/2019,1600,1614.449951,1577,1586.5,1580.565186,14275186
12/3/2019,1592.75,1594,1572.599976,1578.900024,1572.993652,5938786
12/4/2019,1573,1577.5,1533.75,1552.699951,1546.891602,9594828
12/5/2019,1574,1579.75,1544,1550.849976,1545.048584,9117022
12/6/2019,1553,1568,1541.099976,1554.900024,1549.083496,5982129
12/9/2019,1556.150024,1577.400024,1546.5,1572.599976,1566.717163,5779807
12/10/2019,1572.050049,1573.599976,1554.150024,1561.949951,1556.107056,4650906
12/11/2019,1555.599976,1574.5,1550.599976,1562.400024,1556.55542,5652698
12/12/2019,1570.25,1573.849976,1556.650024,1568.199951,1562.333618,4720977
12/13/2019,1580,1590,1572.400024,1582.900024,1576.97876,5791522
12/16/2019,1592,1593.900024,1564.349976,1566.599976,1560.739624,5436951
12/17/2019,1566.75,1579,1555.550049,1562.699951,1556.854248,9291724
12/18/2019,1563,1580,1562,1575.849976,1569.955078,6739582
12/19/2019,1573.699951,1614.900024,1571.800049,1609.949951,1603.92749,9375484
12/20/2019,1615,1617.550049,1596.099976,1599.099976,1593.118042,9724619
12/23/2019,1560.099976,1577.550049,1557.800049,1571.400024,1565.521729,11478429
12/24/2019,1568.900024,1572.050049,1542.5,1546.449951,1540.665039,8251144
12/26/2019,1541.650024,1552.949951,1510.150024,1515.400024,1509.731201,13605737
12/27/2019,1527,1546.199951,1521.300049,1542.349976,1536.580322,8081591
12/30/2019,1545.949951,1547.650024,1528.050049,1544.199951,1538.423462,7828402
12/31/2019,1542,1543.699951,1508.050049,1514.050049,1508.386353,10150467
1/1/2020,1518,1527.099976,1505.5,1509.599976,1503.952881,6402372
1/2/2020,1512,1540.949951,1512,1535.300049,1529.556763,8096561
1/3/2020,1533,1541.650024,1523,1537.150024,1531.399902,9593498
1/6/2020,1520,1527.900024,1498,1501.5,1495.883179,11209343
1/7/2020,1519,1534.5,1513.5,1524.599976,1518.896729,7627191
1/8/2020,1515,1534.449951,1510,1513.150024,1507.489624,7336561
1/9/2020,1538.599976,1550,1531.25,1548,1542.209229,6849606
1/10/2020,1551.900024,1557.949951,1539.650024,1547.650024,1541.860596,5704686
1/13/2020,1545.050049,1558.699951,1538.400024,1543.699951,1537.925293,8358090
1/14/2020,1540,1550,1521.849976,1529.400024,1523.678833,7230788
1/15/2020,1535.849976,1539.900024,1518.25,1523.849976,1518.149536,7231393
1/16/2020,1529,1543.349976,1528,1537.900024,1532.147095,5873662
1/17/2020,1553.5,1584.949951,1553.199951,1581,1575.085815,13469708
1/20/2020,1609,1609,1526.400024,1532.349976,1526.617798,14878868
1/21/2020,1528.599976,1545.849976,1522,1533.900024,1528.161987,8650831
1/22/2020,1544,1546.75,1531.099976,1533.349976,1527.614014,4719245
1/23/2020,1536.5,1541.949951,1520.699951,1526.849976,1521.138306,5142088
1/24/2020,1527,1536.349976,1518.550049,1521.550049,1515.858276,6687633
1/27/2020,1514.900024,1524.449951,1505,1506.550049,1500.914307,6120429
1/28/2020,1508.599976,1510,1463.599976,1471.75,1466.244507,11215313
1/29/2020,1474.050049,1494.400024,1464.050049,1479.849976,1474.314209,11313297
1/30/2020,1479,1479.699951,1440,1443.75,1438.349243,10241756
1/31/2020,1453,1453.25,1407.199951,1411.650024,1406.369385,15886673
2/3/2020,1369.900024,1399.949951,1363.050049,1385.5,1380.317139,14040626
2/4/2020,1400,1432.5,1397.800049,1426.400024,1421.064209,11604666
2/5/2020,1434.900024,1452.800049,1430.300049,1448.5,1443.081421,8444823
2/6/2020,1454.099976,1467,1440.099976,1457.800049,1452.34668,7103715
2/7/2020,1451,1452.349976,1428.300049,1433.650024,1428.286987,5581641
2/10/2020,1428,1445.5,1410.449951,1435.599976,1430.229736,6922631
2/11/2020,1447.400024,1466.199951,1445.050049,1452.75,1447.315552,6400245
2/12/2020,1456.150024,1474.849976,1455,1470.300049,1464.799927,6187091
2/13/2020,1477.75,1477.75,1462.599976,1474.150024,1468.635498,6201763
2/14/2020,1477.25,1501.449951,1453.099976,1487.599976,1482.035156,9704655
2/17/2020,1489,1506.150024,1474.300049,1478.25,1472.720215,6011340
2/18/2020,1475.900024,1475.900024,1457.400024,1467.400024,1461.910767,5086964
2/19/2020,1479.349976,1506.449951,1475.099976,1503.800049,1498.174683,6438918
2/20/2020,1497,1508,1483.800049,1485.949951,1480.391357,7722577
2/24/2020,1469.75,1477,1439.550049,1444.949951,1439.544678,9769743
2/25/2020,1451.400024,1451.400024,1410,1416.400024,1411.101563,12684109
2/26/2020,1410,1412.349976,1387.349976,1392,1386.792847,13423661
2/27/2020,1388,1393.800049,1369,1386.25,1381.064331,11454300
2/28/2020,1354.900024,1357,1325,1328.650024,1323.67981,17973847
3/2/2020,1355.099976,1369,1301.099976,1316.150024,1311.226563,13486634
3/3/2020,1329.699951,1353.900024,1322,1342.849976,1337.82666,12525809
3/4/2020,1352,1353.800049,1307.900024,1339.699951,1334.688477,10105782
3/5/2020,1352.199951,1357.949951,1306,1311.150024,1306.245239,13948324
3/6/2020,1270,1288.150024,1241.099976,1271,1266.245483,15422068
3/9/2020,1240.050049,1241,1095,1114.150024,1109.982178,40316138
3/11/2020,1108,1178.449951,1108,1153.550049,1149.234863,27237321
3/12/2020,1085,1101,1048.699951,1063,1059.02356,25587823
3/13/2020,998,1140,942.400024,1105.300049,1101.165405,33509107
3/16/2020,1060.550049,1079.699951,1005,1015.700012,1011.900513,17592794
3/17/2020,1047.25,1060,1003.200012,1008,1004.229309,20776373
3/18/2020,1025.300049,1035.900024,961,968.5,964.877075,20449241
3/19/2020,920.099976,967,892.200012,917.700012,914.26709,28071848
3/20/2020,939.5,1034.900024,930,1017.950012,1014.14209,28966278
3/23/2020,916.200012,950,875.650024,884.049988,880.74292,18593390
3/24/2020,930,970,895.799988,943.400024,939.870972,20908452
3/25/2020,963.799988,1151.550049,963.25,1082.25,1078.201538,33432712
3/26/2020,1095.800049,1116.900024,1042.349976,1066.199951,1062.211548,20912841
3/27/2020,1095,1107.300049,1046.199951,1065.599976,1061.61377,19044609
3/30/2020,1040.599976,1074.800049,1020,1030.449951,1026.595215,13820078
3/31/2020,1073.949951,1129.800049,1048,1113.75,1109.58374,20249183
4/1/2020,1122.25,1124.599976,1045.199951,1080.449951,1076.408203,19016959
4/3/2020,1134.449951,1134.449951,1056.300049,1077.449951,1073.419434,18911970
4/7/2020,1102.099976,1214,1100,1206.099976,1201.588257,24857792
4/8/2020,1180,1229,1160,1192.150024,1187.69043,22803609
4/9/2020,1214,1232.800049,1193,1219.949951,1215.386353,15101511
4/13/2020,1203.949951,1215,1180,1189.150024,1184.70166,10822858
4/15/2020,1197.050049,1236,1143,1149.849976,1145.548584,16147958
4/16/2020,1149.849976,1187.449951,1145,1168.050049,1163.680664,17123489
4/17/2020,1216,1230,1192.650024,1224,1219.421265,15209621
4/20/2020,1226,1257,1202,1243.800049,1239.147217,16472130
4/21/2020,1210,1252,1164,1237.349976,1232.721313,28057044
4/22/2020,1320,1384.900024,1300,1363.599976,1358.499023,65230035
4/23/2020,1367.349976,1385.849976,1353.300049,1370.900024,1365.771729,29928168
4/24/2020,1350.150024,1494.949951,1347.199951,1417,1411.699341,61711199
4/27/2020,1434,1475,1423,1429.75,1424.401611,26736415
4/28/2020,1450,1455.449951,1392.150024,1428.150024,1422.807617,35866256
4/29/2020,1444.900024,1453.650024,1420,1426.949951,1421.612061,17141303
4/30/2020,1440.300049,1480.910034,1424.550049,1452.22998,1446.797485,32926121
5/4/2020,1426.47998,1451.23999,1404.140015,1421.719971,1416.401611,24670336
5/5/2020,1440.050049,1465.109985,1433.609985,1446.930054,1441.517456,20723079
5/6/2020,1450.25,1471.01001,1431.930054,1447.030029,1441.616943,18685710
5/7/2020,1441.339966,1499.439941,1431.430054,1492.800049,1487.21582,23087436
5/8/2020,1530.48999,1565.060059,1522.670044,1547.130005,1541.342529,38887255
5/11/2020,1565.160034,1599.839966,1557.540039,1561.98999,1556.146973,30959745
5/12/2020,1550.109985,1553.619995,1451.23999,1465.359985,1459.878418,46465281
5/13/2020,1527,1527,1454,1496.449951,1490.852051,30657492
5/14/2020,1469,1496.699951,1430.050049,1435.949951,1430.578369,22736607
5/15/2020,1444,1466.699951,1415.099976,1459.400024,1453.940674,28683258
5/18/2020,1470,1482,1428,1440.75,1435.360474,28980385
5/19/2020,1457,1461.699951,1403.25,1408.900024,1403.629639,19528760
5/20/2020,1410,1446.849976,1393,1433.699951,1428.336792,25530626
5/21/2020,1435,1461.449951,1425,1441.25,1435.858643,18076017
5/22/2020,1451.800049,1458,1426.5,1431.550049,1426.194946,17458065
5/26/2020,1448.150024,1449.699951,1416.300049,1424.050049,1418.723022,15329472
5/27/2020,1431,1454,1412,1445.550049,1440.142578,16460756
5/28/2020,1455,1479.75,1449,1472.25,1466.742676,18518271
5/29/2020,1468,1472,1452.650024,1464.400024,1458.921997,18470390
6/1/2020,1480,1538.349976,1475.949951,1520.349976,1514.66272,18434012
6/2/2020,1526,1540,1520.800049,1535.699951,1529.9552,10224049
6/3/2020,1545,1560,1533.349976,1541.650024,1535.883057,11713461
6/4/2020,1544,1589.5,1541,1579.800049,1573.890381,15784379
6/5/2020,1595,1618,1573.699951,1581.699951,1575.783203,15264885
6/8/2020,1618.400024,1618.400024,1565,1569.5,1563.628784,14497996
6/9/2020,1560.300049,1583,1533,1537.150024,1531.399902,11933076
6/10/2020,1543.099976,1579.550049,1540.050049,1572.150024,1566.268921,10214213
6/11/2020,1566,1567.949951,1531,1537.699951,1531.947754,9408046
6/12/2020,1500,1593,1497,1588.800049,1582.856689,17790311
6/15/2020,1565,1626.949951,1561.099976,1614.550049,1608.510376,24509058
6/16/2020,1643,1648.550049,1585.300049,1617.699951,1611.648438,23622794
6/17/2020,1608.25,1635.449951,1602.099976,1615.349976,1609.307251,19282411
6/18/2020,1607,1665,1605.599976,1655.900024,1649.705688,18677617
6/19/2020,1670,1788.800049,1662,1759.400024,1752.818481,48828609
6/22/2020,1773.400024,1804.199951,1735,1746.150024,1739.618042,27781693
6/23/2020,1750,1763.75,1716.099976,1720.900024,1714.462524,17519493
6/24/2020,1735.900024,1772.699951,1711.699951,1727.849976,1721.386475,23807033
6/25/2020,1727,1749,1713.050049,1717.900024,1711.473755,18312025
6/26/2020,1728.800049,1752,1717,1741.650024,1735.134888,14270458
6/29/2020,1728.050049,1739.75,1715.550049,1723.150024,1716.704102,11824524
6/30/2020,1737,1741,1695.550049,1704.099976,1697.725342,13972563
7/1/2020,1720,1749,1708.050049,1737.599976,1731.099976,13136179
7/2/2020,1743,1767.599976,1735.050049,1760.349976,1760.349976,13286365
7/3/2020,1779.800049,1793,1768,1787.900024,1787.900024,13583909
7/6/2020,1805,1858,1792.099976,1851.800049,1851.800049,21697962
7/7/2020,1860,1864.349976,1806.300049,1823.449951,1823.449951,16239990
7/8/2020,1824.050049,1834.949951,1790,1798,1798,12093186
7/9/2020,1809,1835,1786.25,1824.25,1824.25,16807336
7/10/2020,1828.5,1884.599976,1824.25,1878.050049,1878.050049,20195218
7/13/2020,1903.349976,1947.699951,1900,1935,1935,32124262
7/14/2020,1934,1941.699951,1887.300049,1917,1917,31073305
7/15/2020,1937.949951,1978.800049,1798,1844,1844,64457578
7/16/2020,1847,1869,1812.449951,1843.400024,1843.400024,28133826
7/17/2020,1845,1920,1838,1911.699951,1911.699951,22948894
7/20/2020,1917.800049,1932,1899.650024,1919.900024,1919.900024,16887635
7/21/2020,1939,1977,1936.5,1971.550049,1971.550049,19463004
7/22/2020,1983,2010,1960.699951,2004,2004,27584518
7/23/2020,2003.949951,2079.699951,1991.349976,2057.800049,2057.800049,26921017
7/24/2020,2058,2163,2057.800049,2146.149902,2146.149902,55655668
7/27/2020,2178.800049,2198.800049,2127.899902,2156.199951,2156.199951,37060665
7/28/2020,2156.199951,2194,2150.649902,2177.699951,2177.699951,25435297
7/29/2020,2177.899902,2182.800049,2070.449951,2096.649902,2096.649902,33534147
7/30/2020,2099,2139.699951,2072,2108.850098,2108.850098,33623699
7/31/2020,2114.5,2129,2052.800049,2067.100098,2067.100098,34593133
8/3/2020,2051.300049,2057,2003.099976,2009,2009,21559142
8/4/2020,2020.599976,2167,2000.25,2150.600098,2150.600098,42476932
8/5/2020,2169,2196,2118.300049,2126.449951,2126.449951,34404810
8/6/2020,2157,2167.699951,2107.800049,2134.100098,2134.100098,22762545
8/7/2020,2129.800049,2157.800049,2120.199951,2146.449951,2146.449951,15222303
8/10/2020,2159.100098,2165,2108.100098,2119.850098,2119.850098,12441573
8/11/2020,2134.800049,2160,2100.350098,2133.800049,2133.800049,21611256
8/12/2020,2121,2145,2106.800049,2127.600098,2127.600098,13967116
8/13/2020,2128,2138.899902,2110,2122.050049,2122.050049,11459190
8/14/2020,2122.550049,2157,2089.25,2113.800049,2113.800049,15333164
8/17/2020,2105,2105,2070.100098,2091.350098,2091.350098,14296834
8/18/2020,2085,2134.300049,2082.350098,2118.550049,2118.550049,14097746
8/19/2020,2141,2154,2121.350098,2131.550049,2131.550049,15731396
8/20/2020,2120,2123.899902,2088,2097.050049,2097.050049,10401212
8/21/2020,2118,2122,2077,2081.850098,2081.850098,11667129
8/24/2020,2091.399902,2104.5,2070.5,2095.75,2095.75,15098991
8/25/2020,2106,2111.300049,2078,2082.100098,2082.100098,8947563
8/26/2020,2085,2147.949951,2047,2137.300049,2137.300049,27630190
8/27/2020,2148,2150,2103.25,2110.600098,2110.600098,12961252
8/28/2020,2120,2132.899902,2106.25,2116.149902,2116.149902,12537520
8/31/2020,2174,2174,2060.350098,2080.699951,2080.699951,28648125
9/1/2020,2100,2122.399902,2062.399902,2087.25,2087.25,17821397
9/2/2020,2092,2138,2085,2128.199951,2128.199951,12437162
9/3/2020,2128,2138.75,2103,2112.100098,2112.100098,8577634
9/4/2020,2083.550049,2096.949951,2072.199951,2077.25,2077.25,13141644
9/7/2020,2084,2105.75,2044.25,2082.649902,2082.649902,10119064
9/8/2020,2092,2121,2080.5,2107.100098,2107.100098,12643749
9/9/2020,2085,2167.800049,2081.449951,2161.350098,2161.350098,25525961
9/10/2020,2183.100098,2344.949951,2175.350098,2314,2314,64750460
9/11/2020,2312,2337.850098,2287.100098,2319.75,2319.75,27445768
9/14/2020,2325,2360,2282,2302.550049,2302.550049,20335273
9/15/2020,2311.949951,2325.75,2288.149902,2318.850098,2318.850098,12542824
9/16/2020,2320,2369.350098,2310.550049,2324.550049,2324.550049,15668979
9/17/2020,2320,2333.699951,2291.850098,2298.75,2298.75,11919927
9/18/2020,2314.25,2319.449951,2276.550049,2305.699951,2305.699951,15264068
9/21/2020,2300,2336,2247.350098,2255.850098,2255.850098,15519031
9/22/2020,2277,2277,2201.550049,2211.149902,2211.149902,16056620
9/23/2020,2260,2276.75,2205.300049,2230.800049,2230.800049,19839282
9/24/2020,2207.899902,2226,2176.050049,2181.199951,2181.199951,13764841
9/25/2020,2189,2212.800049,2167.300049,2201.699951,2201.699951,13095028
9/28/2020,2227,2238,2207.050049,2216.25,2216.25,9076248
9/29/2020,2225,2264,2216.25,2245.050049,2245.050049,11926328
9/30/2020,2260,2267,2225,2234.350098,2234.350098,11290667
10/1/2020,2263.800049,2263.800049,2214,2225.25,2225.25,9591456
10/5/2020,2244,2249.149902,2206,2212.199951,2212.199951,8732869
10/6/2020,2225.25,2233.899902,2201.649902,2210.350098,2210.350098,8497216
10/7/2020,2235,2309,2220,2257.5,2257.5,24538346
10/8/2020,2259,2268,2222.100098,2239.25,2239.25,9727405
10/9/2020,2235,2253,2217.100098,2233.449951,2233.449951,8558745
10/12/2020,2235,2255.75,2226.25,2237.050049,2237.050049,6565515
10/13/2020,2230.600098,2285.75,2225.850098,2280.699951,2280.699951,10666190
10/14/2020,2278.899902,2304,2268.5,2287.5,2287.5,12341434
10/15/2020,2290,2290,2195,2206.5,2206.5,9246702
10/16/2020,2215,2232.5,2172.649902,2175.800049,2175.800049,9960828
10/19/2020,2190.050049,2228.699951,2155.149902,2176.199951,2176.199951,14398973
10/20/2020,2179,2193,2152.25,2155.899902,2155.899902,8529573
10/21/2020,2168,2192,2097.75,2124.600098,2124.600098,15728986
10/22/2020,2127.399902,2132.5,2091,2106.949951,2106.949951,14215215
10/23/2020,2106,2135,2096.399902,2113.050049,2113.050049,10809307
10/26/2020,2101.949951,2101.949951,2018.5,2029.099976,2029.099976,17225212
10/27/2020,2034.900024,2059.850098,2005,2034.5,2034.5,16835005
10/28/2020,2041.800049,2057.699951,2007.400024,2011.449951,2011.449951,13809929
10/29/2020,1997,2042,1991,2026.900024,2026.900024,14147418
10/30/2020,2033.5,2065.100098,2021.800049,2054.5,2054.5,15700946
11/2/2020,2027,2027,1859.150024,1877.449951,1877.449951,45857806
11/3/2020,1890,1909,1835.099976,1850.400024,1850.400024,40931170
11/4/2020,1837,1929,1837,1913.199951,1913.199951,37003111
11/5/2020,1954.949951,1960.949951,1932,1955,1955,17170274
11/6/2020,1990,2040,1978.150024,2029.150024,2029.150024,30770080
11/9/2020,2062.100098,2069,2036,2050.699951,2050.699951,16539467
11/10/2020,2077,2090,2041.199951,2084.550049,2084.550049,17045147
11/11/2020,2089,2095,1978.099976,1997.199951,1997.199951,26178477
11/12/2020,1981,2008.449951,1965,1980,1980,18481466
11/13/2020,1982,2036.650024,1981.75,1996.400024,1996.400024,20946864
11/17/2020,2085,2085,1985,1993.25,1993.25,21479385
